input,actual_output,expected_output,context,source_file
"무인예약대출은 신원, 화정어린이, 행신어린이, 마두, 식사, 덕이, 주엽어린이도서관에서만 이용 가능하며, 이들 중 어느 곳의 서비스를 이용할 수 있나?",,"무인예약대출 서비스는 신원, 화정어린이, 행신어린이, 마두, 식사, 덕이, 주엽어린이도서관에서 모두 이용 가능합니다. 특정 도서관을 선택하실 경우, 개인의 편의나 위치에 따라 어느 곳을 이용하셔도 됩니다.","- 신청권수 및 대출기간 : 1인 2권 14일 (7일 연장 가능)
- 신청시간 : 당일 15시까지 신청된 도서를 취합하여 기기에 투입(휴관일 신청도서의 경우 개관일에 투입)
- 투입시간 : 16시까지 기기투입 -> 신청자에게 알림톡(SMS) 자동 전송 (알림톡 수신 후 방문)
- 보관기간 : 도서 투입 후 3일간
- 신청자의 도서관 회원증으로 대출 가능
- 이용제한 : 6권 미대출시 1개월간 이용정지
- 도서관 홈페이지(모바일 포함), 리브로피아를 통한 신청 접수
- 무인예약서비스 운영 도서관 : 신원, 화정어린이, 행신어린이, 마두, 식사, 덕이, 주엽어린이도서관

홈페이지로그인 →도서검색→무인예약대출신청→도서투입 및 SMS수신→도서대출→도서반납
순으로 이루어집니다.""

Q: 지하철역 아무 곳에서나 반납 가능한가요?
A: 고양시 11개 지하철역에 설치된 무인반납함에 도서 반납 가능합니다._x000D_
>(대화역, 마두역, 백마역, 백석역, 삼송역, 원당역, 일산역, 주엽역, 지축역, 행신역, 화정역)
_x000D_
※ 별꿈도서관 및 작은도서관, 스마트도서관 제외_x000D_
※ DVD, 책꾸러미 제외_x000D_
※ 투입한 당일에 즉시 수거 및 반납되지 않으며 반납완료에 1~4일 소요될 수 있음_x000D_
※ 반납완료 전 연체 발생할 수 있으므로, 즉시 도서대출이 필요할 경우 시립도서관에 직접 반납

Q: 타관반납에 대해 알고싶어요.
A: 도서를 소장한 도서관이 아니더라도 모든 시립도서관에 반납 가능합니다._x000D_
※ 별꿈도서관 및 작은도서관, 스마트도서관 제외 ※ DVD, 책꾸러미 제외

Q: 도서 반납 연기와 도서 연체 시 어떻게 하나요?
A: 반납연기는 홈페이지-나의도서관에서 1회에 한하여 7일동안 연기 가능합니다._x000D_
또한, 연체 시 연체일 수 기간만큼 대출정지됩니다. (연체일 중 가장 긴 연체일 적용)_x000D_
_x000D_
※ 고양시 관내 하나의 도서관에서 연체가 되면 다른 도서관에서도 대출하실 수 없습니다.​

Q: 대출한 책을 분실하거나 파손한 경우 어떻게 하나요?
A: 분실, 파손 도서는 동일도서로 구입하여 변상하여야 합니다. _x000D_
절판, 품절 등의 문제로 구입이 불가능 할 경우에는 도서관으로 연락주시면 담당사서가 지정해주는 유사도서로 구입하여 변상하실 수 있습니다._x000D_

Q: 도서 대출권수와 대출기간은?
A: 한 번의 회원가입으로 고양시 19개 시립도서관 및 17개 공립작은도서관에서 대출이 가능합니다._x000D_
대출권수는 1인 최대 25권이며 1관당 7권 이내입니다._x000D_
대출기간은 14일(2주)이며, 1회 연기(7일) 가능하여 최대 21일까지입니다._x000D_
시립도서관 도서반납은 18개 시립도서관 및 지하철 무인반납함에 반납이 가능하며 공립작은도서관, 별꿈도서관은 해당 도서관으로 반납하여야 합니다._x000D_
_x000D_
※ 지하철 무인반납함 : 3호선(화정, 원당, 삼송, 대화, 백석, 주엽, 마두, 지축) 및 경의선(일산, 행신)에 설치

Q: E-BOOK 리더기(크레마)에서 YES24 서비스가 안되는 경우
A: 1. 예스24 전자도서관 시스템 개편(2023년 7월 中) 으로 인해, 크레마 단말기에서도 신규 어플을 통해 접속을 해야 합니다._x000D_
  (단, 크레마 터치, 샤인, 카르타, 카르타 플러스, 사운드 단말기는 지원이 종료가 되었습니다. _x000D_
   해당 단말기는 신규시스템을 지원하지 않아 불가피하게 지원이 종료가 되었습니다.)_x000D_
_x000D_
2. 크레마 단말기 신규어플 설치 방법_x000D_
 1) 기존과 같이 전자도서관 메뉴에서 고양시도서관센터를 검색 합니다._x000D_
_x000D_ 2) 고양시도서관센터 명칭 옆에 리뉴얼도서관 버튼을 선택합니다._x000D_
   - 리뉴얼도서관 명칭이 보이지 않을 경우 상단 즐겨찾기 옆의 새로고침 버튼을 누르시면 됩니다._x000D_
   - 새로고침 버튼이 보이지 않을 경우, 단말기의 펌웨어 및 앱 업데이트를 합니다. _x000D_
 3) 리뉴얼도서관 버튼을 누르고 ""예""를 선택한 후 다운받을 애플리케이션에서 ""인터넷""을 선택합니다._x000D_
   - 인터넷 화면이 잠깐 나타났다가 사라지게 되고 어플이 다운로드 되어 집니다.  _x000D_
4) 다운로드된 어플은 [ 열린서재 ]  또는[ + ] 버튼을 통해 설치가 가능 합니다._x000D_
   - 열린서재가 있는 단말기의 경우, 열린서재 내의 + 버튼을 누르시면 어플을 설치할 수 있습니다._x000D_
   - 열린서재가 없는 단말기의 경우, 홈화면의 [ + ] 버튼을 누르시면 어플 설치가 가능합니다._x000D_
5) 설치된 어플은 _x000D_
   - 열린서재가 있는 단말기는 열린서재 메뉴 내에서_x000D_
   - 열린서재가 없는 단말기는 홈화면에 추가된 전자도서관 메뉴를 통해서 접속이 가능합니다._x000D_
_x000D_ 6) 신규어플 실행 하고, 고양시도서관센터 검색 후 도서관 계정으로 로그인 하실 수 있습니다.",고양시도서관_FAQ1.txt
"대출 기간 14일 후, 1회 7일 연장 가능하며, 이 절차와 추가 연체 시 영향은?",,"대출 기간은 기본 14일이며, 1회에 한해 7일 연장이 가능하여 최대 21일까지 대출 가능합니다. 연장은 홈페이지의 '나의 도서관' 섹션에서 신청할 수 있습니다. 만약 연장 기간을 넘기고 연체가 발생하면, 연체 일수만큼 대출이 정지됩니다. 즉, 가장 긴 연체 일수가 적용되어 해당 기간 동안 다른 시립도서관에서의 대출이 불가능해집니다.","- 신청권수 및 대출기간 : 1인 2권 14일 (7일 연장 가능)
- 신청시간 : 당일 15시까지 신청된 도서를 취합하여 기기에 투입(휴관일 신청도서의 경우 개관일에 투입)
- 투입시간 : 16시까지 기기투입 -> 신청자에게 알림톡(SMS) 자동 전송 (알림톡 수신 후 방문)
- 보관기간 : 도서 투입 후 3일간
- 신청자의 도서관 회원증으로 대출 가능
- 이용제한 : 6권 미대출시 1개월간 이용정지
- 도서관 홈페이지(모바일 포함), 리브로피아를 통한 신청 접수
- 무인예약서비스 운영 도서관 : 신원, 화정어린이, 행신어린이, 마두, 식사, 덕이, 주엽어린이도서관

홈페이지로그인 →도서검색→무인예약대출신청→도서투입 및 SMS수신→도서대출→도서반납
순으로 이루어집니다.""

Q: 지하철역 아무 곳에서나 반납 가능한가요?
A: 고양시 11개 지하철역에 설치된 무인반납함에 도서 반납 가능합니다._x000D_
>(대화역, 마두역, 백마역, 백석역, 삼송역, 원당역, 일산역, 주엽역, 지축역, 행신역, 화정역)
_x000D_
※ 별꿈도서관 및 작은도서관, 스마트도서관 제외_x000D_
※ DVD, 책꾸러미 제외_x000D_
※ 투입한 당일에 즉시 수거 및 반납되지 않으며 반납완료에 1~4일 소요될 수 있음_x000D_
※ 반납완료 전 연체 발생할 수 있으므로, 즉시 도서대출이 필요할 경우 시립도서관에 직접 반납

Q: 타관반납에 대해 알고싶어요.
A: 도서를 소장한 도서관이 아니더라도 모든 시립도서관에 반납 가능합니다._x000D_
※ 별꿈도서관 및 작은도서관, 스마트도서관 제외 ※ DVD, 책꾸러미 제외

Q: 도서 반납 연기와 도서 연체 시 어떻게 하나요?
A: 반납연기는 홈페이지-나의도서관에서 1회에 한하여 7일동안 연기 가능합니다._x000D_
또한, 연체 시 연체일 수 기간만큼 대출정지됩니다. (연체일 중 가장 긴 연체일 적용)_x000D_
_x000D_
※ 고양시 관내 하나의 도서관에서 연체가 되면 다른 도서관에서도 대출하실 수 없습니다.​

Q: 대출한 책을 분실하거나 파손한 경우 어떻게 하나요?
A: 분실, 파손 도서는 동일도서로 구입하여 변상하여야 합니다. _x000D_
절판, 품절 등의 문제로 구입이 불가능 할 경우에는 도서관으로 연락주시면 담당사서가 지정해주는 유사도서로 구입하여 변상하실 수 있습니다._x000D_

Q: 도서 대출권수와 대출기간은?
A: 한 번의 회원가입으로 고양시 19개 시립도서관 및 17개 공립작은도서관에서 대출이 가능합니다._x000D_
대출권수는 1인 최대 25권이며 1관당 7권 이내입니다._x000D_
대출기간은 14일(2주)이며, 1회 연기(7일) 가능하여 최대 21일까지입니다._x000D_
시립도서관 도서반납은 18개 시립도서관 및 지하철 무인반납함에 반납이 가능하며 공립작은도서관, 별꿈도서관은 해당 도서관으로 반납하여야 합니다._x000D_
_x000D_
※ 지하철 무인반납함 : 3호선(화정, 원당, 삼송, 대화, 백석, 주엽, 마두, 지축) 및 경의선(일산, 행신)에 설치

Q: E-BOOK 리더기(크레마)에서 YES24 서비스가 안되는 경우
A: 1. 예스24 전자도서관 시스템 개편(2023년 7월 中) 으로 인해, 크레마 단말기에서도 신규 어플을 통해 접속을 해야 합니다._x000D_
  (단, 크레마 터치, 샤인, 카르타, 카르타 플러스, 사운드 단말기는 지원이 종료가 되었습니다. _x000D_
   해당 단말기는 신규시스템을 지원하지 않아 불가피하게 지원이 종료가 되었습니다.)_x000D_
_x000D_
2. 크레마 단말기 신규어플 설치 방법_x000D_
 1) 기존과 같이 전자도서관 메뉴에서 고양시도서관센터를 검색 합니다._x000D_
_x000D_ 2) 고양시도서관센터 명칭 옆에 리뉴얼도서관 버튼을 선택합니다._x000D_
   - 리뉴얼도서관 명칭이 보이지 않을 경우 상단 즐겨찾기 옆의 새로고침 버튼을 누르시면 됩니다._x000D_
   - 새로고침 버튼이 보이지 않을 경우, 단말기의 펌웨어 및 앱 업데이트를 합니다. _x000D_
 3) 리뉴얼도서관 버튼을 누르고 ""예""를 선택한 후 다운받을 애플리케이션에서 ""인터넷""을 선택합니다._x000D_
   - 인터넷 화면이 잠깐 나타났다가 사라지게 되고 어플이 다운로드 되어 집니다.  _x000D_
4) 다운로드된 어플은 [ 열린서재 ]  또는[ + ] 버튼을 통해 설치가 가능 합니다._x000D_
   - 열린서재가 있는 단말기의 경우, 열린서재 내의 + 버튼을 누르시면 어플을 설치할 수 있습니다._x000D_
   - 열린서재가 없는 단말기의 경우, 홈화면의 [ + ] 버튼을 누르시면 어플 설치가 가능합니다._x000D_
5) 설치된 어플은 _x000D_
   - 열린서재가 있는 단말기는 열린서재 메뉴 내에서_x000D_
   - 열린서재가 없는 단말기는 홈화면에 추가된 전자도서관 메뉴를 통해서 접속이 가능합니다._x000D_
_x000D_ 6) 신규어플 실행 하고, 고양시도서관센터 검색 후 도서관 계정으로 로그인 하실 수 있습니다.",고양시도서관_FAQ1.txt
지하철 외에 고양시 시립도서관 내 또는 다른 시립도서관에 직접 반납 가능한가요? 반납 시 회원증 필요한가요?,,"네, 고양시 시립도서관 내 또는 다른 고양시 시립도서관에 직접 반납이 가능합니다. 하지만 공립 작은도서관, 별꿈도서관, 스마트도서관은 해당 도서관으로 직접 반납해야 합니다. 반납 시 회원증은 필요하지 않습니다.","- 신청권수 및 대출기간 : 1인 2권 14일 (7일 연장 가능)
- 신청시간 : 당일 15시까지 신청된 도서를 취합하여 기기에 투입(휴관일 신청도서의 경우 개관일에 투입)
- 투입시간 : 16시까지 기기투입 -> 신청자에게 알림톡(SMS) 자동 전송 (알림톡 수신 후 방문)
- 보관기간 : 도서 투입 후 3일간
- 신청자의 도서관 회원증으로 대출 가능
- 이용제한 : 6권 미대출시 1개월간 이용정지
- 도서관 홈페이지(모바일 포함), 리브로피아를 통한 신청 접수
- 무인예약서비스 운영 도서관 : 신원, 화정어린이, 행신어린이, 마두, 식사, 덕이, 주엽어린이도서관

홈페이지로그인 →도서검색→무인예약대출신청→도서투입 및 SMS수신→도서대출→도서반납
순으로 이루어집니다.""

Q: 지하철역 아무 곳에서나 반납 가능한가요?
A: 고양시 11개 지하철역에 설치된 무인반납함에 도서 반납 가능합니다._x000D_
>(대화역, 마두역, 백마역, 백석역, 삼송역, 원당역, 일산역, 주엽역, 지축역, 행신역, 화정역)
_x000D_
※ 별꿈도서관 및 작은도서관, 스마트도서관 제외_x000D_
※ DVD, 책꾸러미 제외_x000D_
※ 투입한 당일에 즉시 수거 및 반납되지 않으며 반납완료에 1~4일 소요될 수 있음_x000D_
※ 반납완료 전 연체 발생할 수 있으므로, 즉시 도서대출이 필요할 경우 시립도서관에 직접 반납

Q: 타관반납에 대해 알고싶어요.
A: 도서를 소장한 도서관이 아니더라도 모든 시립도서관에 반납 가능합니다._x000D_
※ 별꿈도서관 및 작은도서관, 스마트도서관 제외 ※ DVD, 책꾸러미 제외

Q: 도서 반납 연기와 도서 연체 시 어떻게 하나요?
A: 반납연기는 홈페이지-나의도서관에서 1회에 한하여 7일동안 연기 가능합니다._x000D_
또한, 연체 시 연체일 수 기간만큼 대출정지됩니다. (연체일 중 가장 긴 연체일 적용)_x000D_
_x000D_
※ 고양시 관내 하나의 도서관에서 연체가 되면 다른 도서관에서도 대출하실 수 없습니다.​

Q: 대출한 책을 분실하거나 파손한 경우 어떻게 하나요?
A: 분실, 파손 도서는 동일도서로 구입하여 변상하여야 합니다. _x000D_
절판, 품절 등의 문제로 구입이 불가능 할 경우에는 도서관으로 연락주시면 담당사서가 지정해주는 유사도서로 구입하여 변상하실 수 있습니다._x000D_

Q: 도서 대출권수와 대출기간은?
A: 한 번의 회원가입으로 고양시 19개 시립도서관 및 17개 공립작은도서관에서 대출이 가능합니다._x000D_
대출권수는 1인 최대 25권이며 1관당 7권 이내입니다._x000D_
대출기간은 14일(2주)이며, 1회 연기(7일) 가능하여 최대 21일까지입니다._x000D_
시립도서관 도서반납은 18개 시립도서관 및 지하철 무인반납함에 반납이 가능하며 공립작은도서관, 별꿈도서관은 해당 도서관으로 반납하여야 합니다._x000D_
_x000D_
※ 지하철 무인반납함 : 3호선(화정, 원당, 삼송, 대화, 백석, 주엽, 마두, 지축) 및 경의선(일산, 행신)에 설치

Q: E-BOOK 리더기(크레마)에서 YES24 서비스가 안되는 경우
A: 1. 예스24 전자도서관 시스템 개편(2023년 7월 中) 으로 인해, 크레마 단말기에서도 신규 어플을 통해 접속을 해야 합니다._x000D_
  (단, 크레마 터치, 샤인, 카르타, 카르타 플러스, 사운드 단말기는 지원이 종료가 되었습니다. _x000D_
   해당 단말기는 신규시스템을 지원하지 않아 불가피하게 지원이 종료가 되었습니다.)_x000D_
_x000D_
2. 크레마 단말기 신규어플 설치 방법_x000D_
 1) 기존과 같이 전자도서관 메뉴에서 고양시도서관센터를 검색 합니다._x000D_
_x000D_ 2) 고양시도서관센터 명칭 옆에 리뉴얼도서관 버튼을 선택합니다._x000D_
   - 리뉴얼도서관 명칭이 보이지 않을 경우 상단 즐겨찾기 옆의 새로고침 버튼을 누르시면 됩니다._x000D_
   - 새로고침 버튼이 보이지 않을 경우, 단말기의 펌웨어 및 앱 업데이트를 합니다. _x000D_
 3) 리뉴얼도서관 버튼을 누르고 ""예""를 선택한 후 다운받을 애플리케이션에서 ""인터넷""을 선택합니다._x000D_
   - 인터넷 화면이 잠깐 나타났다가 사라지게 되고 어플이 다운로드 되어 집니다.  _x000D_
4) 다운로드된 어플은 [ 열린서재 ]  또는[ + ] 버튼을 통해 설치가 가능 합니다._x000D_
   - 열린서재가 있는 단말기의 경우, 열린서재 내의 + 버튼을 누르시면 어플을 설치할 수 있습니다._x000D_
   - 열린서재가 없는 단말기의 경우, 홈화면의 [ + ] 버튼을 누르시면 어플 설치가 가능합니다._x000D_
5) 설치된 어플은 _x000D_
   - 열린서재가 있는 단말기는 열린서재 메뉴 내에서_x000D_
   - 열린서재가 없는 단말기는 홈화면에 추가된 전자도서관 메뉴를 통해서 접속이 가능합니다._x000D_
_x000D_ 6) 신규어플 실행 하고, 고양시도서관센터 검색 후 도서관 계정으로 로그인 하실 수 있습니다.",고양시도서관_FAQ1.txt
"고양시립도서관에서 상호대차 이용 시, 2권 한도 내에서 특정 자료가 이용 도서관에 없을 때 다른 시립도서관 자료를 이동 신청 가능한가요?",,"네, 가능합니다. 1인당 상호대차로 최대 2권의 자료를 신청할 수 있으며, 고양시의 다른 시립도서관(별꿈도서관, 작은도서관, 스마트도서관 제외)에 있는 특정 자료를 원하는 도서관으로 이동 신청할 수 있습니다.","Q: 예약한 도서가 도착했다고 알림톡이 왔는데, 상호대차 신청을 할 수 있나요?
A: 예약한 도서 도착안내 메시지 수신 후 상호대차 전환 가능합니다. _x000D_
단, 예약도서를 상호대차로 전환 시 예약도서로 복구가 불가능합니다._x000D_
(홈페이지 로그인 > 나의도서관)

Q: 상호대차는 몇 권 신청 가능한가요?
A: 1인당 2권입니다.

Q: 상호대차 신청한 도서가 도착하면 며칠 안에 찾아가야 하나요?
A: 도착안내메시지 수신 다음날부터 3일 이내(휴관일 제외)에 대출해가셔야 합니다.
※ 메시지 발송 후 보관기간 이내 미대출시 자동 취소

월요일 휴관도서관
(화~금) 신청 : 신청 다음날 오후 도착메시지 수신
(토, 일) 신청 : 화요일 오후 도착메시지 수신

금요일 휴관도서관
(월~수) 신청 : 다음날 오후 도착메시지 수신
(목) 신청 : 토요일 오후 도착메시지 수신
(토,일) 신청 : 화요일 오후 도착메시지 수신

Q: 상호대차 서비스가 뭔가요?
A: 주로 이용하는 도서관에 시민이 필요한 특정자료가 없고 고양시 다른 ‘시립’도서관(별꿈도서관, 작은도서관, 스마트도서관 불가)에 있을 경우, 해당 자료를 시민이 원하는 도서관으로 직접 이동해주는 자료공동활용 서비스입니다.

홈페이지 로그인 > 도서검색 > 상호대차 가능 확인 
> 수령도서관 선택 > 신청 > 도착메시지수신 > 방문대출 순으로 이루어집니다.

Q: 독서동아리 지원내용에 대해 알고싶어요.
A: 고양시도서관에서는 다양한 독서동아리를 발굴하고 활동을 지원하기 위해 독서동아리 등록제를 실시하고 있습니다._x000D_
  ○ 신청대상 : 5인 이상이 모여 고양시 내에서 정기적으로 활동하고 있거나 신규 활동 예정인 독서동아리_x000D_
  ○ 지원내용 : 토론도서 단체대출, 활동공간 대관, 동아리 게시판 이용 등_x000D_
  ○ 신청방법 : 독서문화 - 독서동아리 - 등록신청에서 온라인 신청_x000D_
※ 자세한 사항은 독서문화 > 독서동아리 메뉴에서 확인하실 수 있습니다.

Q: 북스타트 신청을 하고싶어요.
A: 독서문화-북스타트 -북스타트 신청에서 가능합니다.

Q: 메이커스페이스가 무엇인가요?
A: 메이커스페이스란 창의적인 아이디어를 보유한 사람들이 3D프린터, 레이저커터, 각종 디지털 공작 기계 활용법을 배우고, 서로의 아이디어를 공유,협업,융합하는 공간을 의미합니다. 누구나 쉽게 접근하여 자유롭게 아이디어를 내고 구현할 수 있습니다._x000D_
_x000D_
독서문화-메이커스페이스 탭에서 자세한 이용안내 확인과 장비예약 신청이 가능합니다.

Q: 북스타트가 무엇인가요?
A: 고양시 시립도서관과 작은도서관이 함께 합니다._x000D_
고양의 꿈나무 어린이들에게 도서를 선물하여 책과 함께 인생을 시작할 수 있는 계기를 도서관이 만들어주고, 나아가 지속적인 독서를 지원하는 지역사회 문화운동 프로그램입니다._x000D_
고양시에 거주하는 영유아 중 고양시립도서관 회원이 참여 가능하며,_x000D_
1회만 가능합니다.(중복수령불가)_x000D_
_x000D_
독서문화-북스타트-북스타트안내에서 자세한 내용을 확인하실 수 있습니다._x000D_

Q: 독서문화프로그램 접수상태에 대해 알고싶어요.
A: · 접수중 : 접수기간 _x000D_
· 접수예정 : 접수기간 전_x000D_
· 대기접수 : 접수기간 내 신청정원 마감 시_x000D_
· 마감 : 접수 기간 내 신청, 대기 마감 시_x000D_
· 종료 : 접수기간 종료_x000D_
· 현장참여 :  온라인접수 받지 않고 현장에서 직접 참여 신청

Q: 독서문화프로그램 신청은 어떻게 하나요?
A: 독서문화-프로그램신청 탭에서 원하는 프로그램을 신청하시면 됩니다.

Q: 대출중인 도서를 예약하고 싶어요
A: 도서관 홈페이지에서 자료를 검색하신 뒤, 해당 도서를 클릭하여 [예약하기] 버튼을 누르시면 됩니다.(※ 2순위까지 예약 가능) 
예약하신 도서는 반납되는 즉시 예약자 휴대폰으로 도착 안내 문자(SMS)가 수신됩니다. 예약도서 도착 문자를 받으신 후 3일 이내에 도서관을 방문하여 각 자료실에서 예약도서를 대출하시면 됩니다.

Q: 도서관 휴일에 반납할 수 있는 법을 알려주세요.
A: 도서관 운영시간이 아닐 때에는 도서관 외부에 설치된 무인반납함(기), 또는 지하철 무인반납함(기)을 통해 도서 반납이 가능합니다._x000D_
_x000D_
지하철 무인반납함(기) 목록_x000D_
   -3호선: 대화역 편의점 근처 / 주엽역 6번 출구 / 마두역 개찰구 / 백석역3,4번출구 / 화정역 스마트도서관 옆, 개찰구 / 원당역 5,6번 출구 / 삼송역 편의점 근처 / 지축역 2번 출구_x000D_
   -경의중앙선:일산역 스마트도서관 근처 / 행신역 개찰구 근처_x000D_

Q: 무인예약대출기 사용방법을 알고싶어요.
A: 고양시도서관 회원이면 누구나 비치중인 도서의 예약을 통해 365일 24시간 도서 이용이 가능한 대출서비스입니다.",고양시도서관_FAQ1.txt
예약도서 상호대차 전환 vs 원상태 복구 가능성 비교,,"예약한 도서를 상호대차로 전환하면 원래 상태로 복구가 불가능합니다. 반면, 상호대차를 하지 않고 예약 상태를 유지하면 반납 후 다시 예약하거나 원상태로 관리가 가능합니다. 상호대차 전환은 선택적이고, 전환 후에는 원래 예약 도서로의 복구 옵션이 제공되지 않습니다.","Q: 예약한 도서가 도착했다고 알림톡이 왔는데, 상호대차 신청을 할 수 있나요?
A: 예약한 도서 도착안내 메시지 수신 후 상호대차 전환 가능합니다. _x000D_
단, 예약도서를 상호대차로 전환 시 예약도서로 복구가 불가능합니다._x000D_
(홈페이지 로그인 > 나의도서관)

Q: 상호대차는 몇 권 신청 가능한가요?
A: 1인당 2권입니다.

Q: 상호대차 신청한 도서가 도착하면 며칠 안에 찾아가야 하나요?
A: 도착안내메시지 수신 다음날부터 3일 이내(휴관일 제외)에 대출해가셔야 합니다.
※ 메시지 발송 후 보관기간 이내 미대출시 자동 취소

월요일 휴관도서관
(화~금) 신청 : 신청 다음날 오후 도착메시지 수신
(토, 일) 신청 : 화요일 오후 도착메시지 수신

금요일 휴관도서관
(월~수) 신청 : 다음날 오후 도착메시지 수신
(목) 신청 : 토요일 오후 도착메시지 수신
(토,일) 신청 : 화요일 오후 도착메시지 수신

Q: 상호대차 서비스가 뭔가요?
A: 주로 이용하는 도서관에 시민이 필요한 특정자료가 없고 고양시 다른 ‘시립’도서관(별꿈도서관, 작은도서관, 스마트도서관 불가)에 있을 경우, 해당 자료를 시민이 원하는 도서관으로 직접 이동해주는 자료공동활용 서비스입니다.

홈페이지 로그인 > 도서검색 > 상호대차 가능 확인 
> 수령도서관 선택 > 신청 > 도착메시지수신 > 방문대출 순으로 이루어집니다.

Q: 독서동아리 지원내용에 대해 알고싶어요.
A: 고양시도서관에서는 다양한 독서동아리를 발굴하고 활동을 지원하기 위해 독서동아리 등록제를 실시하고 있습니다._x000D_
  ○ 신청대상 : 5인 이상이 모여 고양시 내에서 정기적으로 활동하고 있거나 신규 활동 예정인 독서동아리_x000D_
  ○ 지원내용 : 토론도서 단체대출, 활동공간 대관, 동아리 게시판 이용 등_x000D_
  ○ 신청방법 : 독서문화 - 독서동아리 - 등록신청에서 온라인 신청_x000D_
※ 자세한 사항은 독서문화 > 독서동아리 메뉴에서 확인하실 수 있습니다.

Q: 북스타트 신청을 하고싶어요.
A: 독서문화-북스타트 -북스타트 신청에서 가능합니다.

Q: 메이커스페이스가 무엇인가요?
A: 메이커스페이스란 창의적인 아이디어를 보유한 사람들이 3D프린터, 레이저커터, 각종 디지털 공작 기계 활용법을 배우고, 서로의 아이디어를 공유,협업,융합하는 공간을 의미합니다. 누구나 쉽게 접근하여 자유롭게 아이디어를 내고 구현할 수 있습니다._x000D_
_x000D_
독서문화-메이커스페이스 탭에서 자세한 이용안내 확인과 장비예약 신청이 가능합니다.

Q: 북스타트가 무엇인가요?
A: 고양시 시립도서관과 작은도서관이 함께 합니다._x000D_
고양의 꿈나무 어린이들에게 도서를 선물하여 책과 함께 인생을 시작할 수 있는 계기를 도서관이 만들어주고, 나아가 지속적인 독서를 지원하는 지역사회 문화운동 프로그램입니다._x000D_
고양시에 거주하는 영유아 중 고양시립도서관 회원이 참여 가능하며,_x000D_
1회만 가능합니다.(중복수령불가)_x000D_
_x000D_
독서문화-북스타트-북스타트안내에서 자세한 내용을 확인하실 수 있습니다._x000D_

Q: 독서문화프로그램 접수상태에 대해 알고싶어요.
A: · 접수중 : 접수기간 _x000D_
· 접수예정 : 접수기간 전_x000D_
· 대기접수 : 접수기간 내 신청정원 마감 시_x000D_
· 마감 : 접수 기간 내 신청, 대기 마감 시_x000D_
· 종료 : 접수기간 종료_x000D_
· 현장참여 :  온라인접수 받지 않고 현장에서 직접 참여 신청

Q: 독서문화프로그램 신청은 어떻게 하나요?
A: 독서문화-프로그램신청 탭에서 원하는 프로그램을 신청하시면 됩니다.

Q: 대출중인 도서를 예약하고 싶어요
A: 도서관 홈페이지에서 자료를 검색하신 뒤, 해당 도서를 클릭하여 [예약하기] 버튼을 누르시면 됩니다.(※ 2순위까지 예약 가능) 
예약하신 도서는 반납되는 즉시 예약자 휴대폰으로 도착 안내 문자(SMS)가 수신됩니다. 예약도서 도착 문자를 받으신 후 3일 이내에 도서관을 방문하여 각 자료실에서 예약도서를 대출하시면 됩니다.

Q: 도서관 휴일에 반납할 수 있는 법을 알려주세요.
A: 도서관 운영시간이 아닐 때에는 도서관 외부에 설치된 무인반납함(기), 또는 지하철 무인반납함(기)을 통해 도서 반납이 가능합니다._x000D_
_x000D_
지하철 무인반납함(기) 목록_x000D_
   -3호선: 대화역 편의점 근처 / 주엽역 6번 출구 / 마두역 개찰구 / 백석역3,4번출구 / 화정역 스마트도서관 옆, 개찰구 / 원당역 5,6번 출구 / 삼송역 편의점 근처 / 지축역 2번 출구_x000D_
   -경의중앙선:일산역 스마트도서관 근처 / 행신역 개찰구 근처_x000D_

Q: 무인예약대출기 사용방법을 알고싶어요.
A: 고양시도서관 회원이면 누구나 비치중인 도서의 예약을 통해 365일 24시간 도서 이용이 가능한 대출서비스입니다.",고양시도서관_FAQ1.txt
고양시 메이커스페이스에서 3D 프린팅 및 디지털 제작 프로젝트 협업 및 교육 프로그램 참여 가능한가?,,"네, 가능합니다. 고양시 메이커스페이스에서는 3D 프린팅과 디지털 제작 관련 프로젝트의 협업과 교육 프로그램에 참여할 수 있습니다. 자세한 내용과 장비 예약은 '독서문화 - 메이커스페이스' 탭에서 확인하실 수 있습니다.","Q: 예약한 도서가 도착했다고 알림톡이 왔는데, 상호대차 신청을 할 수 있나요?
A: 예약한 도서 도착안내 메시지 수신 후 상호대차 전환 가능합니다. _x000D_
단, 예약도서를 상호대차로 전환 시 예약도서로 복구가 불가능합니다._x000D_
(홈페이지 로그인 > 나의도서관)

Q: 상호대차는 몇 권 신청 가능한가요?
A: 1인당 2권입니다.

Q: 상호대차 신청한 도서가 도착하면 며칠 안에 찾아가야 하나요?
A: 도착안내메시지 수신 다음날부터 3일 이내(휴관일 제외)에 대출해가셔야 합니다.
※ 메시지 발송 후 보관기간 이내 미대출시 자동 취소

월요일 휴관도서관
(화~금) 신청 : 신청 다음날 오후 도착메시지 수신
(토, 일) 신청 : 화요일 오후 도착메시지 수신

금요일 휴관도서관
(월~수) 신청 : 다음날 오후 도착메시지 수신
(목) 신청 : 토요일 오후 도착메시지 수신
(토,일) 신청 : 화요일 오후 도착메시지 수신

Q: 상호대차 서비스가 뭔가요?
A: 주로 이용하는 도서관에 시민이 필요한 특정자료가 없고 고양시 다른 ‘시립’도서관(별꿈도서관, 작은도서관, 스마트도서관 불가)에 있을 경우, 해당 자료를 시민이 원하는 도서관으로 직접 이동해주는 자료공동활용 서비스입니다.

홈페이지 로그인 > 도서검색 > 상호대차 가능 확인 
> 수령도서관 선택 > 신청 > 도착메시지수신 > 방문대출 순으로 이루어집니다.

Q: 독서동아리 지원내용에 대해 알고싶어요.
A: 고양시도서관에서는 다양한 독서동아리를 발굴하고 활동을 지원하기 위해 독서동아리 등록제를 실시하고 있습니다._x000D_
  ○ 신청대상 : 5인 이상이 모여 고양시 내에서 정기적으로 활동하고 있거나 신규 활동 예정인 독서동아리_x000D_
  ○ 지원내용 : 토론도서 단체대출, 활동공간 대관, 동아리 게시판 이용 등_x000D_
  ○ 신청방법 : 독서문화 - 독서동아리 - 등록신청에서 온라인 신청_x000D_
※ 자세한 사항은 독서문화 > 독서동아리 메뉴에서 확인하실 수 있습니다.

Q: 북스타트 신청을 하고싶어요.
A: 독서문화-북스타트 -북스타트 신청에서 가능합니다.

Q: 메이커스페이스가 무엇인가요?
A: 메이커스페이스란 창의적인 아이디어를 보유한 사람들이 3D프린터, 레이저커터, 각종 디지털 공작 기계 활용법을 배우고, 서로의 아이디어를 공유,협업,융합하는 공간을 의미합니다. 누구나 쉽게 접근하여 자유롭게 아이디어를 내고 구현할 수 있습니다._x000D_
_x000D_
독서문화-메이커스페이스 탭에서 자세한 이용안내 확인과 장비예약 신청이 가능합니다.

Q: 북스타트가 무엇인가요?
A: 고양시 시립도서관과 작은도서관이 함께 합니다._x000D_
고양의 꿈나무 어린이들에게 도서를 선물하여 책과 함께 인생을 시작할 수 있는 계기를 도서관이 만들어주고, 나아가 지속적인 독서를 지원하는 지역사회 문화운동 프로그램입니다._x000D_
고양시에 거주하는 영유아 중 고양시립도서관 회원이 참여 가능하며,_x000D_
1회만 가능합니다.(중복수령불가)_x000D_
_x000D_
독서문화-북스타트-북스타트안내에서 자세한 내용을 확인하실 수 있습니다._x000D_

Q: 독서문화프로그램 접수상태에 대해 알고싶어요.
A: · 접수중 : 접수기간 _x000D_
· 접수예정 : 접수기간 전_x000D_
· 대기접수 : 접수기간 내 신청정원 마감 시_x000D_
· 마감 : 접수 기간 내 신청, 대기 마감 시_x000D_
· 종료 : 접수기간 종료_x000D_
· 현장참여 :  온라인접수 받지 않고 현장에서 직접 참여 신청

Q: 독서문화프로그램 신청은 어떻게 하나요?
A: 독서문화-프로그램신청 탭에서 원하는 프로그램을 신청하시면 됩니다.

Q: 대출중인 도서를 예약하고 싶어요
A: 도서관 홈페이지에서 자료를 검색하신 뒤, 해당 도서를 클릭하여 [예약하기] 버튼을 누르시면 됩니다.(※ 2순위까지 예약 가능) 
예약하신 도서는 반납되는 즉시 예약자 휴대폰으로 도착 안내 문자(SMS)가 수신됩니다. 예약도서 도착 문자를 받으신 후 3일 이내에 도서관을 방문하여 각 자료실에서 예약도서를 대출하시면 됩니다.

Q: 도서관 휴일에 반납할 수 있는 법을 알려주세요.
A: 도서관 운영시간이 아닐 때에는 도서관 외부에 설치된 무인반납함(기), 또는 지하철 무인반납함(기)을 통해 도서 반납이 가능합니다._x000D_
_x000D_
지하철 무인반납함(기) 목록_x000D_
   -3호선: 대화역 편의점 근처 / 주엽역 6번 출구 / 마두역 개찰구 / 백석역3,4번출구 / 화정역 스마트도서관 옆, 개찰구 / 원당역 5,6번 출구 / 삼송역 편의점 근처 / 지축역 2번 출구_x000D_
   -경의중앙선:일산역 스마트도서관 근처 / 행신역 개찰구 근처_x000D_

Q: 무인예약대출기 사용방법을 알고싶어요.
A: 고양시도서관 회원이면 누구나 비치중인 도서의 예약을 통해 365일 24시간 도서 이용이 가능한 대출서비스입니다.",고양시도서관_FAQ1.txt
"화정도서관의 정확한 정기 휴관일은 매주 몇 요일이며, 공휴일 중 휴관 기준은 무엇인가요?",,"화정도서관의 정기 휴관일은 매주 **금요일**입니다. 공휴일 중 휴관 기준은 법정 공휴일 및 관공서 휴관일이며, 일요일을 제외하고 국가에서 지정한 임시 공휴일도 포함됩니다. 특히, 토요일과 일요일이 겹치는 법정 공휴일의 경우 휴관합니다.","Q: 도서관 휴관일과 이용 시간은 어떻게 되나요?
A: ○ 토/일요일 : 정상운영
○ 휴관일 : 일요일을 제외한 「관공서의 공휴일에 관한 규정」이 정하는 공휴일
    (다만, 일요일과 겹치는 공휴일은 휴관, 정부에서 수시로 지정한 임시 공휴일 포함)
○ 도서관별 휴무일
- 행신, 원당, 신원, 별꿈, 화정어린이, 아람누리, 백석, 풍동, 대화, 덕이, 일산 : 매주 월요일
- 화정, 삼송, 높빛, 행신어린이, 마두, 식사, 한뫼, 가좌, 주엽어린이 : 매주 금요일

Q: 도서관 시설을 대관하고 싶어요.
A: 고양시 도서관 시설은 홈페이지를 통해 이용 신청이 가능합니다._x000D_
_x000D_관련 세부 사항은 아래 링크를 참고해주세요._x000D_
_x000D_
https://www.goyanglib.or.kr/center/menu/130483/contents/40120/contents.do

Q: 책을 기증하고 싶은데 절차가 어떻게 되나요?
A: 기증할 도서를 가지고 고양시립도서관에 방문하여 기증신청서를 작성한 후 담당자에게 접수하시면 됩니다.
 
※ 기증 제외도서 : 발행년도 5년 이상 경과한 도서, 사전류, 훼손되거나 파손된 도서,
타기관의 장서인이 찍혀있는 도서, 수험서, 스프링도서, 유아용 헝겊도서, 연속간행물류(잡지류), 개인출판물(출판사에 의한 출판물이 아닌 개인 출판물)

Q: 화정도서관 휴관일은 언제인가요?
A: ○ 정기휴관일 :  매주 금요일
○ 법정공휴일 및 관공서 휴관일 및 국가가 정한 임시 공휴일(일요일 제외), 기타 관장이 필요하다고 인정한 날
※ 토·일요일과 법정공휴일이 겹치는 경우에는 휴관

Q: 화정도서관 자료실 이용시간이 어떻게 되나요?
A: ○ 종합자료실1,2
(평일) 09:00 ~ 22:00 / (주말) 09:00 ~ 18:00
○ 어린이자료실
(평일) 09:00 ~ 18:00 / (주말) 09:00 ~ 18:00
○ 책이음1(연속간행물실)
(평일) 09:00 ~ 22:00 / (주말) 09:00 ~ 18:00
○  책이음2(디지털자료실)
(평일) 09:00 ~ 22:00 / (주말) 09:00 ~ 18:00

Q: 화정도서관 위치 및 전화번호가 어떻게 되나요?
A: ○ 주소 :  고양시 덕양구 은빛로77번길 8(화정동)
○ 전화번호 : 031-8075-9215

Q: 별꿈도서관 휴관일은 언제인가요?
A: ○ 정기휴관일 :  매주 월요일
○ 법정공휴일 및 관공서 휴관일 및 국가가 정한 임시 공휴일(일요일 제외), 기타 관장이 필요하다고 인정한 날
※ 토·일요일과 법정공휴일이 겹치는 경우에는 휴관

Q: 별꿈도서관 이용시간이 어떻게 되나요?
A: ○ 자료실 
(평일) 10:00 ~ 19:00 / (주말) 09:00 ~ 18:00

Q: 별꿈도서관 위치 및 전화번호가 어떻게 되나요?
A: ○ 주소 :  고양시 덕양구 고양대로 1937(동산동)
○ 전화번호 : 031-8075-9305

Q: 행신도서관 휴관일은 언제인가요?
A: ○ 정기휴관일 :  매주 월요일
○ 법정공휴일 및 관공서 휴관일 및 국가가 정한 임시 공휴일(일요일 제외), 기타 관장이 필요하다고 인정한 날
※ 토·일요일과 법정공휴일이 겹치는 경우에는 휴관

Q: 행신도서관 이용시간이 어떻게 되나요?
A: ○ 종합자료실,연속간행물실, 디지털자료실
(평일) 09:00 ~ 22:00 / (주말) 09:00 ~ 18:00
○ 어린이자료실
(평일) 09:00 ~ 18:00 / (주말) 09:00 ~ 18:00
○ 열람실
(평일·주말)  하절기(3월~9월) : 07:00 ~ 23:00, 동절기(11월~2월) : 08:00 ~23:00

Q: 행신도서관 위치 및 전화번호가 어떻게 되나요?
A: ○ 주소 :  고양시 덕양구  행당로33번길 25-6(행신동)
○ 전화번호 : 031-8075-9240

Q: 원당도서관 휴관일은 언제인가요?
A: 원당복합커뮤티니센터 내 2028년 10월 이후 개관예정

Q: 원당도서관 이용시간이 어떻게 되나요?
A: 원당복합커뮤티니센터 내 2028년 10월 이후 개관예정

Q: 원당도서관 위치 및 전화번호가 어떻게 되나요?
A: 원당복합커뮤티니센터 내 2028년 10월 이후 개관예정

Q: 신원도서관 휴관일은 언제인가요?
A: ○ 정기휴관일 :  매주 월요일
○ 법정공휴일 및 관공서 휴관일 및 국가가 정한 임시 공휴일(일요일 제외), 기타 관장이 필요하다고 인정한 날
※ 토·일요일과 법정공휴일이 겹치는 경우에는 휴관

Q: 신원도서관 이용시간이 어떻게 되나요?
A: ○ 종합자료실
(평일) 09:00 ~ 22:00 / (주말) 09:00 ~ 18:00
○ 어린이자료실, 연속간행물실
(평일) 09:00 ~ 18:00 / (주말) 09:00 ~ 18:00
○ 디지털자료실
(평일) 09:00 ~ 22:00 / (주말) 09:00 ~ 18:00
○ 열람실
(평일·주말)  하절기(3월~9월) : 07:00 ~ 23:00, 동절기(11월~2월) : 08:00 ~23:00",고양시도서관_FAQ1.txt
별꿈도서관의 평일 저녁 6시 이후 자료실 이용 가능 여부와 주말 이용 시간을 포함한 구체적인 운영 시간을 알려주세요.,,"별꿈도서관의 운영 시간은 다음과 같습니다:

- **평일**: 10:00 ~ 19:00 (저녁 6시 이후 이용 가능)
- **주말**: 09:00 ~ 18:00","Q: 도서관 휴관일과 이용 시간은 어떻게 되나요?
A: ○ 토/일요일 : 정상운영
○ 휴관일 : 일요일을 제외한 「관공서의 공휴일에 관한 규정」이 정하는 공휴일
    (다만, 일요일과 겹치는 공휴일은 휴관, 정부에서 수시로 지정한 임시 공휴일 포함)
○ 도서관별 휴무일
- 행신, 원당, 신원, 별꿈, 화정어린이, 아람누리, 백석, 풍동, 대화, 덕이, 일산 : 매주 월요일
- 화정, 삼송, 높빛, 행신어린이, 마두, 식사, 한뫼, 가좌, 주엽어린이 : 매주 금요일

Q: 도서관 시설을 대관하고 싶어요.
A: 고양시 도서관 시설은 홈페이지를 통해 이용 신청이 가능합니다._x000D_
_x000D_관련 세부 사항은 아래 링크를 참고해주세요._x000D_
_x000D_
https://www.goyanglib.or.kr/center/menu/130483/contents/40120/contents.do

Q: 책을 기증하고 싶은데 절차가 어떻게 되나요?
A: 기증할 도서를 가지고 고양시립도서관에 방문하여 기증신청서를 작성한 후 담당자에게 접수하시면 됩니다.
 
※ 기증 제외도서 : 발행년도 5년 이상 경과한 도서, 사전류, 훼손되거나 파손된 도서,
타기관의 장서인이 찍혀있는 도서, 수험서, 스프링도서, 유아용 헝겊도서, 연속간행물류(잡지류), 개인출판물(출판사에 의한 출판물이 아닌 개인 출판물)

Q: 화정도서관 휴관일은 언제인가요?
A: ○ 정기휴관일 :  매주 금요일
○ 법정공휴일 및 관공서 휴관일 및 국가가 정한 임시 공휴일(일요일 제외), 기타 관장이 필요하다고 인정한 날
※ 토·일요일과 법정공휴일이 겹치는 경우에는 휴관

Q: 화정도서관 자료실 이용시간이 어떻게 되나요?
A: ○ 종합자료실1,2
(평일) 09:00 ~ 22:00 / (주말) 09:00 ~ 18:00
○ 어린이자료실
(평일) 09:00 ~ 18:00 / (주말) 09:00 ~ 18:00
○ 책이음1(연속간행물실)
(평일) 09:00 ~ 22:00 / (주말) 09:00 ~ 18:00
○  책이음2(디지털자료실)
(평일) 09:00 ~ 22:00 / (주말) 09:00 ~ 18:00

Q: 화정도서관 위치 및 전화번호가 어떻게 되나요?
A: ○ 주소 :  고양시 덕양구 은빛로77번길 8(화정동)
○ 전화번호 : 031-8075-9215

Q: 별꿈도서관 휴관일은 언제인가요?
A: ○ 정기휴관일 :  매주 월요일
○ 법정공휴일 및 관공서 휴관일 및 국가가 정한 임시 공휴일(일요일 제외), 기타 관장이 필요하다고 인정한 날
※ 토·일요일과 법정공휴일이 겹치는 경우에는 휴관

Q: 별꿈도서관 이용시간이 어떻게 되나요?
A: ○ 자료실 
(평일) 10:00 ~ 19:00 / (주말) 09:00 ~ 18:00

Q: 별꿈도서관 위치 및 전화번호가 어떻게 되나요?
A: ○ 주소 :  고양시 덕양구 고양대로 1937(동산동)
○ 전화번호 : 031-8075-9305

Q: 행신도서관 휴관일은 언제인가요?
A: ○ 정기휴관일 :  매주 월요일
○ 법정공휴일 및 관공서 휴관일 및 국가가 정한 임시 공휴일(일요일 제외), 기타 관장이 필요하다고 인정한 날
※ 토·일요일과 법정공휴일이 겹치는 경우에는 휴관

Q: 행신도서관 이용시간이 어떻게 되나요?
A: ○ 종합자료실,연속간행물실, 디지털자료실
(평일) 09:00 ~ 22:00 / (주말) 09:00 ~ 18:00
○ 어린이자료실
(평일) 09:00 ~ 18:00 / (주말) 09:00 ~ 18:00
○ 열람실
(평일·주말)  하절기(3월~9월) : 07:00 ~ 23:00, 동절기(11월~2월) : 08:00 ~23:00

Q: 행신도서관 위치 및 전화번호가 어떻게 되나요?
A: ○ 주소 :  고양시 덕양구  행당로33번길 25-6(행신동)
○ 전화번호 : 031-8075-9240

Q: 원당도서관 휴관일은 언제인가요?
A: 원당복합커뮤티니센터 내 2028년 10월 이후 개관예정

Q: 원당도서관 이용시간이 어떻게 되나요?
A: 원당복합커뮤티니센터 내 2028년 10월 이후 개관예정

Q: 원당도서관 위치 및 전화번호가 어떻게 되나요?
A: 원당복합커뮤티니센터 내 2028년 10월 이후 개관예정

Q: 신원도서관 휴관일은 언제인가요?
A: ○ 정기휴관일 :  매주 월요일
○ 법정공휴일 및 관공서 휴관일 및 국가가 정한 임시 공휴일(일요일 제외), 기타 관장이 필요하다고 인정한 날
※ 토·일요일과 법정공휴일이 겹치는 경우에는 휴관

Q: 신원도서관 이용시간이 어떻게 되나요?
A: ○ 종합자료실
(평일) 09:00 ~ 22:00 / (주말) 09:00 ~ 18:00
○ 어린이자료실, 연속간행물실
(평일) 09:00 ~ 18:00 / (주말) 09:00 ~ 18:00
○ 디지털자료실
(평일) 09:00 ~ 22:00 / (주말) 09:00 ~ 18:00
○ 열람실
(평일·주말)  하절기(3월~9월) : 07:00 ~ 23:00, 동절기(11월~2월) : 08:00 ~23:00",고양시도서관_FAQ1.txt
"행신도서관의 정기 휴관일은 매주 월요일이며, 공휴일과 일요일이 겹칠 경우에도 휴관함을 고려할 때, 어떤 상황에서도 휴관하는 대표적인 날은?",,"대표적인 휴관일은 매주 월요일과 설날, 추석 등 공휴일 중 일요일과 겹치는 날들입니다. 특히, 국가에서 지정하는 임시 공휴일(일요일 제외)도 휴관일에 포함됩니다.","Q: 도서관 휴관일과 이용 시간은 어떻게 되나요?
A: ○ 토/일요일 : 정상운영
○ 휴관일 : 일요일을 제외한 「관공서의 공휴일에 관한 규정」이 정하는 공휴일
    (다만, 일요일과 겹치는 공휴일은 휴관, 정부에서 수시로 지정한 임시 공휴일 포함)
○ 도서관별 휴무일
- 행신, 원당, 신원, 별꿈, 화정어린이, 아람누리, 백석, 풍동, 대화, 덕이, 일산 : 매주 월요일
- 화정, 삼송, 높빛, 행신어린이, 마두, 식사, 한뫼, 가좌, 주엽어린이 : 매주 금요일

Q: 도서관 시설을 대관하고 싶어요.
A: 고양시 도서관 시설은 홈페이지를 통해 이용 신청이 가능합니다._x000D_
_x000D_관련 세부 사항은 아래 링크를 참고해주세요._x000D_
_x000D_
https://www.goyanglib.or.kr/center/menu/130483/contents/40120/contents.do

Q: 책을 기증하고 싶은데 절차가 어떻게 되나요?
A: 기증할 도서를 가지고 고양시립도서관에 방문하여 기증신청서를 작성한 후 담당자에게 접수하시면 됩니다.
 
※ 기증 제외도서 : 발행년도 5년 이상 경과한 도서, 사전류, 훼손되거나 파손된 도서,
타기관의 장서인이 찍혀있는 도서, 수험서, 스프링도서, 유아용 헝겊도서, 연속간행물류(잡지류), 개인출판물(출판사에 의한 출판물이 아닌 개인 출판물)

Q: 화정도서관 휴관일은 언제인가요?
A: ○ 정기휴관일 :  매주 금요일
○ 법정공휴일 및 관공서 휴관일 및 국가가 정한 임시 공휴일(일요일 제외), 기타 관장이 필요하다고 인정한 날
※ 토·일요일과 법정공휴일이 겹치는 경우에는 휴관

Q: 화정도서관 자료실 이용시간이 어떻게 되나요?
A: ○ 종합자료실1,2
(평일) 09:00 ~ 22:00 / (주말) 09:00 ~ 18:00
○ 어린이자료실
(평일) 09:00 ~ 18:00 / (주말) 09:00 ~ 18:00
○ 책이음1(연속간행물실)
(평일) 09:00 ~ 22:00 / (주말) 09:00 ~ 18:00
○  책이음2(디지털자료실)
(평일) 09:00 ~ 22:00 / (주말) 09:00 ~ 18:00

Q: 화정도서관 위치 및 전화번호가 어떻게 되나요?
A: ○ 주소 :  고양시 덕양구 은빛로77번길 8(화정동)
○ 전화번호 : 031-8075-9215

Q: 별꿈도서관 휴관일은 언제인가요?
A: ○ 정기휴관일 :  매주 월요일
○ 법정공휴일 및 관공서 휴관일 및 국가가 정한 임시 공휴일(일요일 제외), 기타 관장이 필요하다고 인정한 날
※ 토·일요일과 법정공휴일이 겹치는 경우에는 휴관

Q: 별꿈도서관 이용시간이 어떻게 되나요?
A: ○ 자료실 
(평일) 10:00 ~ 19:00 / (주말) 09:00 ~ 18:00

Q: 별꿈도서관 위치 및 전화번호가 어떻게 되나요?
A: ○ 주소 :  고양시 덕양구 고양대로 1937(동산동)
○ 전화번호 : 031-8075-9305

Q: 행신도서관 휴관일은 언제인가요?
A: ○ 정기휴관일 :  매주 월요일
○ 법정공휴일 및 관공서 휴관일 및 국가가 정한 임시 공휴일(일요일 제외), 기타 관장이 필요하다고 인정한 날
※ 토·일요일과 법정공휴일이 겹치는 경우에는 휴관

Q: 행신도서관 이용시간이 어떻게 되나요?
A: ○ 종합자료실,연속간행물실, 디지털자료실
(평일) 09:00 ~ 22:00 / (주말) 09:00 ~ 18:00
○ 어린이자료실
(평일) 09:00 ~ 18:00 / (주말) 09:00 ~ 18:00
○ 열람실
(평일·주말)  하절기(3월~9월) : 07:00 ~ 23:00, 동절기(11월~2월) : 08:00 ~23:00

Q: 행신도서관 위치 및 전화번호가 어떻게 되나요?
A: ○ 주소 :  고양시 덕양구  행당로33번길 25-6(행신동)
○ 전화번호 : 031-8075-9240

Q: 원당도서관 휴관일은 언제인가요?
A: 원당복합커뮤티니센터 내 2028년 10월 이후 개관예정

Q: 원당도서관 이용시간이 어떻게 되나요?
A: 원당복합커뮤티니센터 내 2028년 10월 이후 개관예정

Q: 원당도서관 위치 및 전화번호가 어떻게 되나요?
A: 원당복합커뮤티니센터 내 2028년 10월 이후 개관예정

Q: 신원도서관 휴관일은 언제인가요?
A: ○ 정기휴관일 :  매주 월요일
○ 법정공휴일 및 관공서 휴관일 및 국가가 정한 임시 공휴일(일요일 제외), 기타 관장이 필요하다고 인정한 날
※ 토·일요일과 법정공휴일이 겹치는 경우에는 휴관

Q: 신원도서관 이용시간이 어떻게 되나요?
A: ○ 종합자료실
(평일) 09:00 ~ 22:00 / (주말) 09:00 ~ 18:00
○ 어린이자료실, 연속간행물실
(평일) 09:00 ~ 18:00 / (주말) 09:00 ~ 18:00
○ 디지털자료실
(평일) 09:00 ~ 22:00 / (주말) 09:00 ~ 18:00
○ 열람실
(평일·주말)  하절기(3월~9월) : 07:00 ~ 23:00, 동절기(11월~2월) : 08:00 ~23:00",고양시도서관_FAQ1.txt
"교보문고 앱 설치 후 고양시도서관센터 선택, 알림 설정 완료하면,  전자책 대출 가능 시 푸쉬 알림 받을 수 있나?",,"네, 교보문고 앱을 설치하고 고양시도서관센터를 선택한 후 알림 설정을 완료하면 전자책 대출 가능 시 푸쉬 알림을 받을 수 있습니다. 설정 과정은 앱 내에서 로그인 후 알림 기능을 활성화하는 것으로 이루어집니다.","Q: 전자책에서 예약한 책이 대출 가능할 때 스마트폰 푸쉬 알림을 받을 수 있나요?
A: ※ 교보문고 전자책 한정입니다._x000D_
_x000D_
1. 교보문고 전자도서관 어플 설치 (초록색 아이콘) _x000D_
2. 도서관 검색에서 [고양시도서관센터] 선택_x000D_
3. 우측 상단 종 모양 아이콘 클릭_x000D_
4. 로그인_x000D_
_x000D_
위와 같은 절차로 설정하실 수 있습니다._x000D_
_x000D_
그림설명은 전자책 홈페이지 > 우측 상단 [이용안내] > 100% 이용하기  에서 보실 수 있습니다.

Q: 도서관 서비스 이용과 관련한 민원이나 제안은 어떻게 접수하나요?
A: 도서관 서비스 이용과 관련하여 즉시 답변,조치가 필요한 불편신고, 이용방법 및 운영정책 문의 등은_x000D_
각 도서관 홈페이지 도서관소식 > [건의사항] 게시판에 등록하시면 담당자가 수시로 확인하여 조치,답변 드립니다._x000D_
_x000D_
그 외 [건의사항] 게시판 성격에 맞지 않는다고 판단되는 민원,제안은_x000D_
고양시 정식민원창구인 <a href=""https://www.epeople.go.kr"" target=""_blank"">국민신문고(www.epeople.go.kr)</a> 사이트를 통해 민원신청 또는 제안신청 하시면_x000D_
법령에 정해진 기한 내 정식 처리절차를 밟아 답변 드립니다. _x000D_
_x000D_

Q: 열람실 이용에 대해 알려주세요.
A: 열람실이 있는 도서관은 행신, 신원, 삼송, 백석, 식사, 대화, 한뫼, 덕이, 가좌도서관입니다._x000D_
이용시간은 하절기(3월~10월) 07:00 ~ 23:00, 동절기(11월~2월) 08:00 ~ 23:00이며, 웹회원, 도서관회원 모두 이용 가능합니다. 각 도서관 좌석발급기에서 좌석을 배정받아 이용하시면 됩니다.

Q: 사서에게 물어보세요에 대해 알고싶어요
A: 『사서에게 물어보세요』는 국민의 알권리 및 정보 접근권 보장을 위하여 국내 도서관간 협력을 통하여 웹상에서 신속·정확하게 지식정보를 제공하는 협력형 온라인 지식정보서비스(CDRS, Collaborative Digital Reference Service) 입니다. 

『사서에게 물어보세요』는 일반인들이 궁금해 하는 지식 및 학술정보에 대하여, 이용자가 도서관을 방문하지 않고 [사서에게 물어 보세요] 홈페이지를 통하여 질의답변을 받는 참고서비스로 사서가 도서관 소장자료 및 온라인 정보자원 등을 활용하여 답변하는 [도서관 서비스]입니다.

구체적인 서비스 내용 확인과 이용은 아래 링크에서 가능합니다.
https://www.nl.go.kr/NL/contents/N30502000000.do

Q: 전자책 이용 방법을 알려주세요.
A: 1. PC에서 이용하기_x000D_
홈페이지 메인화면 &ndash; 전자책 페이지에 들어가셔서_x000D_
(<a href=""https://ebook.goyanglib.or.kr/elibrary-front/main.ink"">고양시 전자책도서관 (goyanglib.or.kr)</a>)_x000D_
&lsquo;이용안내&rsquo; 탭을 따라 설치 및 이용 해주시면 됩니다._x000D_
_x000D_
2. 모바일에서 이용하기_x000D_
&lsquo;리브로피아&rsquo; 어플을 다운로드 하신 후,&lsquo;모바일 전자책&rsquo;을 눌러 원하는 책을 다운로드 후 이용하시면 됩니다.

Q: 도서관에 가려고 하는데 위치가 어떻게 되나요?
A: 도서관 오시는 방법은 각 도서관 ‘도서관소개 > 찾아오시는길’에서 확인하실 수 있습니다.
주소 및 연락처, 팩스번호, 대중교통편 및 약도를 확인하실 수 있습니다.

Q: 국회 및 국가전자도서관 원문자료(논문)를 검색하고 프린트 할 수 있나요?
A: 디지털자료실 원문검색 지정 PC에서 검색 및 인쇄가 가능합니다._x000D_
인쇄시 복사카드를 구입(3,000원 상당)하여 사용하셔야 합니다.

Q: 사물함이용에 관해 알고싶어요.
A: 도서관내 장기 사물함은 위탁업체에 관리를 위임하여 운영중이며_x000D_
각 도서관 사물함 위탁업체 관리자(사물함에 부착된 전화로 문의)에게 사용대장 및 사용료를 지불하여 사용하시면 됩니다._x000D_
(아람누리, 풍동, 주엽어린이, 화정어린이, 행신어린이도서관은 사물함을 운영하지 않습니다.)​

Q: 희망도서 신청은 어떻게 하며, 도서구입은 얼마나 자주하나요?
A: 홈페이지 ‘희망도서신청’ 에서 신청 가능합니다.

※ 자료선정시 수험서, 학습교재, 오락성이 강한 출판물, 소장에 적합하지 않은 형태(스프링제본, 색칠놀이책 등), 
시리즈・전집류 등은 신청이 제한될 수 있습니다.
※ 도서구입은 매년 도서구입계획에 의해 정기적으로 구입",고양시도서관_FAQ1.txt
"만약 고양시의 한 학생이 모든 도서관의 열람실 이용 가능 여부를 확인하지 못하고 무작정 방문했다면, 어떤 도서관에서는 열람실을 이용할 수 있었을까요? [행신, 신원, 삼송, 백석, 식사, 대화, 한뫼, 덕이, 가좌도서관 중]?",,"학생이 열람실을 이용할 수 있었을 도서관은 다음과 같습니다:

* **행신도서관**
* **신원도서관**
* **삼송도서관**
* **백석도서관**
* **식사도서관**
* **대화도서관**
* **한뫼도서관**
* **덕이도서관**

가좌도서관은 열람실을 운영하지 않습니다.","Q: 전자책에서 예약한 책이 대출 가능할 때 스마트폰 푸쉬 알림을 받을 수 있나요?
A: ※ 교보문고 전자책 한정입니다._x000D_
_x000D_
1. 교보문고 전자도서관 어플 설치 (초록색 아이콘) _x000D_
2. 도서관 검색에서 [고양시도서관센터] 선택_x000D_
3. 우측 상단 종 모양 아이콘 클릭_x000D_
4. 로그인_x000D_
_x000D_
위와 같은 절차로 설정하실 수 있습니다._x000D_
_x000D_
그림설명은 전자책 홈페이지 > 우측 상단 [이용안내] > 100% 이용하기  에서 보실 수 있습니다.

Q: 도서관 서비스 이용과 관련한 민원이나 제안은 어떻게 접수하나요?
A: 도서관 서비스 이용과 관련하여 즉시 답변,조치가 필요한 불편신고, 이용방법 및 운영정책 문의 등은_x000D_
각 도서관 홈페이지 도서관소식 > [건의사항] 게시판에 등록하시면 담당자가 수시로 확인하여 조치,답변 드립니다._x000D_
_x000D_
그 외 [건의사항] 게시판 성격에 맞지 않는다고 판단되는 민원,제안은_x000D_
고양시 정식민원창구인 <a href=""https://www.epeople.go.kr"" target=""_blank"">국민신문고(www.epeople.go.kr)</a> 사이트를 통해 민원신청 또는 제안신청 하시면_x000D_
법령에 정해진 기한 내 정식 처리절차를 밟아 답변 드립니다. _x000D_
_x000D_

Q: 열람실 이용에 대해 알려주세요.
A: 열람실이 있는 도서관은 행신, 신원, 삼송, 백석, 식사, 대화, 한뫼, 덕이, 가좌도서관입니다._x000D_
이용시간은 하절기(3월~10월) 07:00 ~ 23:00, 동절기(11월~2월) 08:00 ~ 23:00이며, 웹회원, 도서관회원 모두 이용 가능합니다. 각 도서관 좌석발급기에서 좌석을 배정받아 이용하시면 됩니다.

Q: 사서에게 물어보세요에 대해 알고싶어요
A: 『사서에게 물어보세요』는 국민의 알권리 및 정보 접근권 보장을 위하여 국내 도서관간 협력을 통하여 웹상에서 신속·정확하게 지식정보를 제공하는 협력형 온라인 지식정보서비스(CDRS, Collaborative Digital Reference Service) 입니다. 

『사서에게 물어보세요』는 일반인들이 궁금해 하는 지식 및 학술정보에 대하여, 이용자가 도서관을 방문하지 않고 [사서에게 물어 보세요] 홈페이지를 통하여 질의답변을 받는 참고서비스로 사서가 도서관 소장자료 및 온라인 정보자원 등을 활용하여 답변하는 [도서관 서비스]입니다.

구체적인 서비스 내용 확인과 이용은 아래 링크에서 가능합니다.
https://www.nl.go.kr/NL/contents/N30502000000.do

Q: 전자책 이용 방법을 알려주세요.
A: 1. PC에서 이용하기_x000D_
홈페이지 메인화면 &ndash; 전자책 페이지에 들어가셔서_x000D_
(<a href=""https://ebook.goyanglib.or.kr/elibrary-front/main.ink"">고양시 전자책도서관 (goyanglib.or.kr)</a>)_x000D_
&lsquo;이용안내&rsquo; 탭을 따라 설치 및 이용 해주시면 됩니다._x000D_
_x000D_
2. 모바일에서 이용하기_x000D_
&lsquo;리브로피아&rsquo; 어플을 다운로드 하신 후,&lsquo;모바일 전자책&rsquo;을 눌러 원하는 책을 다운로드 후 이용하시면 됩니다.

Q: 도서관에 가려고 하는데 위치가 어떻게 되나요?
A: 도서관 오시는 방법은 각 도서관 ‘도서관소개 > 찾아오시는길’에서 확인하실 수 있습니다.
주소 및 연락처, 팩스번호, 대중교통편 및 약도를 확인하실 수 있습니다.

Q: 국회 및 국가전자도서관 원문자료(논문)를 검색하고 프린트 할 수 있나요?
A: 디지털자료실 원문검색 지정 PC에서 검색 및 인쇄가 가능합니다._x000D_
인쇄시 복사카드를 구입(3,000원 상당)하여 사용하셔야 합니다.

Q: 사물함이용에 관해 알고싶어요.
A: 도서관내 장기 사물함은 위탁업체에 관리를 위임하여 운영중이며_x000D_
각 도서관 사물함 위탁업체 관리자(사물함에 부착된 전화로 문의)에게 사용대장 및 사용료를 지불하여 사용하시면 됩니다._x000D_
(아람누리, 풍동, 주엽어린이, 화정어린이, 행신어린이도서관은 사물함을 운영하지 않습니다.)​

Q: 희망도서 신청은 어떻게 하며, 도서구입은 얼마나 자주하나요?
A: 홈페이지 ‘희망도서신청’ 에서 신청 가능합니다.

※ 자료선정시 수험서, 학습교재, 오락성이 강한 출판물, 소장에 적합하지 않은 형태(스프링제본, 색칠놀이책 등), 
시리즈・전집류 등은 신청이 제한될 수 있습니다.
※ 도서구입은 매년 도서구입계획에 의해 정기적으로 구입",고양시도서관_FAQ1.txt
"『사서에게 물어보세요』 서비스 웹사이트 접속을 위해 NL.go.kr 내 구체적인 링크는 무엇인가요? 

(URL: https://www.nl.go.kr/NL/contents/N30502000000.do)",,"『사서에게 물어보세요』 서비스 웹사이트에 접속하기 위한 구체적인 링크는 다음과 같습니다:

[https://www.nl.go.kr/NL/contents/N30502000000.do](https://www.nl.go.kr/NL/contents/N30502000000.do)","Q: 전자책에서 예약한 책이 대출 가능할 때 스마트폰 푸쉬 알림을 받을 수 있나요?
A: ※ 교보문고 전자책 한정입니다._x000D_
_x000D_
1. 교보문고 전자도서관 어플 설치 (초록색 아이콘) _x000D_
2. 도서관 검색에서 [고양시도서관센터] 선택_x000D_
3. 우측 상단 종 모양 아이콘 클릭_x000D_
4. 로그인_x000D_
_x000D_
위와 같은 절차로 설정하실 수 있습니다._x000D_
_x000D_
그림설명은 전자책 홈페이지 > 우측 상단 [이용안내] > 100% 이용하기  에서 보실 수 있습니다.

Q: 도서관 서비스 이용과 관련한 민원이나 제안은 어떻게 접수하나요?
A: 도서관 서비스 이용과 관련하여 즉시 답변,조치가 필요한 불편신고, 이용방법 및 운영정책 문의 등은_x000D_
각 도서관 홈페이지 도서관소식 > [건의사항] 게시판에 등록하시면 담당자가 수시로 확인하여 조치,답변 드립니다._x000D_
_x000D_
그 외 [건의사항] 게시판 성격에 맞지 않는다고 판단되는 민원,제안은_x000D_
고양시 정식민원창구인 <a href=""https://www.epeople.go.kr"" target=""_blank"">국민신문고(www.epeople.go.kr)</a> 사이트를 통해 민원신청 또는 제안신청 하시면_x000D_
법령에 정해진 기한 내 정식 처리절차를 밟아 답변 드립니다. _x000D_
_x000D_

Q: 열람실 이용에 대해 알려주세요.
A: 열람실이 있는 도서관은 행신, 신원, 삼송, 백석, 식사, 대화, 한뫼, 덕이, 가좌도서관입니다._x000D_
이용시간은 하절기(3월~10월) 07:00 ~ 23:00, 동절기(11월~2월) 08:00 ~ 23:00이며, 웹회원, 도서관회원 모두 이용 가능합니다. 각 도서관 좌석발급기에서 좌석을 배정받아 이용하시면 됩니다.

Q: 사서에게 물어보세요에 대해 알고싶어요
A: 『사서에게 물어보세요』는 국민의 알권리 및 정보 접근권 보장을 위하여 국내 도서관간 협력을 통하여 웹상에서 신속·정확하게 지식정보를 제공하는 협력형 온라인 지식정보서비스(CDRS, Collaborative Digital Reference Service) 입니다. 

『사서에게 물어보세요』는 일반인들이 궁금해 하는 지식 및 학술정보에 대하여, 이용자가 도서관을 방문하지 않고 [사서에게 물어 보세요] 홈페이지를 통하여 질의답변을 받는 참고서비스로 사서가 도서관 소장자료 및 온라인 정보자원 등을 활용하여 답변하는 [도서관 서비스]입니다.

구체적인 서비스 내용 확인과 이용은 아래 링크에서 가능합니다.
https://www.nl.go.kr/NL/contents/N30502000000.do

Q: 전자책 이용 방법을 알려주세요.
A: 1. PC에서 이용하기_x000D_
홈페이지 메인화면 &ndash; 전자책 페이지에 들어가셔서_x000D_
(<a href=""https://ebook.goyanglib.or.kr/elibrary-front/main.ink"">고양시 전자책도서관 (goyanglib.or.kr)</a>)_x000D_
&lsquo;이용안내&rsquo; 탭을 따라 설치 및 이용 해주시면 됩니다._x000D_
_x000D_
2. 모바일에서 이용하기_x000D_
&lsquo;리브로피아&rsquo; 어플을 다운로드 하신 후,&lsquo;모바일 전자책&rsquo;을 눌러 원하는 책을 다운로드 후 이용하시면 됩니다.

Q: 도서관에 가려고 하는데 위치가 어떻게 되나요?
A: 도서관 오시는 방법은 각 도서관 ‘도서관소개 > 찾아오시는길’에서 확인하실 수 있습니다.
주소 및 연락처, 팩스번호, 대중교통편 및 약도를 확인하실 수 있습니다.

Q: 국회 및 국가전자도서관 원문자료(논문)를 검색하고 프린트 할 수 있나요?
A: 디지털자료실 원문검색 지정 PC에서 검색 및 인쇄가 가능합니다._x000D_
인쇄시 복사카드를 구입(3,000원 상당)하여 사용하셔야 합니다.

Q: 사물함이용에 관해 알고싶어요.
A: 도서관내 장기 사물함은 위탁업체에 관리를 위임하여 운영중이며_x000D_
각 도서관 사물함 위탁업체 관리자(사물함에 부착된 전화로 문의)에게 사용대장 및 사용료를 지불하여 사용하시면 됩니다._x000D_
(아람누리, 풍동, 주엽어린이, 화정어린이, 행신어린이도서관은 사물함을 운영하지 않습니다.)​

Q: 희망도서 신청은 어떻게 하며, 도서구입은 얼마나 자주하나요?
A: 홈페이지 ‘희망도서신청’ 에서 신청 가능합니다.

※ 자료선정시 수험서, 학습교재, 오락성이 강한 출판물, 소장에 적합하지 않은 형태(스프링제본, 색칠놀이책 등), 
시리즈・전집류 등은 신청이 제한될 수 있습니다.
※ 도서구입은 매년 도서구입계획에 의해 정기적으로 구입",고양시도서관_FAQ1.txt
"스마트도서관에서 1인당 최대 몇 권까지 빌릴 수 있으며, 특정 역별 도서관 대출권수 제한이 있는지 확인하세요.",,"스마트도서관에서 1인당 최대 2권까지 빌릴 수 있습니다. 특정 역별 도서관 대출권수 제한은 다음과 같습니다:

- 지축역, 삼송역, 원당역, 화정역, 고양시공공도서관은 화정도서관 대출권수에 포함됩니다.
- 마두역, 백마역 스마트도서관은 아람누리도서관 대출권수에 포함됩니다.
- 주엽역, 대화역, 일산역 스마트도서관은 대화도서관 대출권수에 포함됩니다. 

즉, 각 개인의 총 대출권수는 해당 지역의 주요 도서관의 대출 제한에 따라 관리되며, 개별 스마트도서관 간에 별도의 제한은 명시되지 않았습니다.","Q: 스마트 도서관은 어떻게 이용하나요?
A: 고양시도서관센터 회원증 소지자는 누구나 이용 가능 합니다. _x000D_
(회원증 발급은 도서관센터 홈페이지 회원가입 후 가까운 시립도서관 방문하여 회원증 발급(신분증 지참)_x000D_
_x000D_
1인 2권까지 가능하며 일반도서 대출과 동일하게 대출기간은 14일 1회 반납연기가 가능합니다._x000D_
(지축역, 삼송역, 원당역, 화정역, 고양시청 스마트도서관은 화정도서관 대출권수에 포함, 마두역, 백마역 스마트도서관은 아람누리도서관 대출권수에 포함, 주엽역, 대화역, 일산역 스마트도서관은 대화도서관 대출권수에 포함)

Q: 스마트도서관은 어디에 있나요?
A: 지축역, 삼송역, 원당역, 화정역, 마두역, 주엽역, 대화역, 일산역, 고양시청, 백마역 총 10개소 입니다.

Q: 스마트도서관이란 무엇인가요?
A: 고양시도서관 회원이면 누구나 365일 이용가능한 무인도서 대출반납기입니다.(400~600여권 비치)

Q: 책바다, 책나래 서비스는 무엇인가요?
A: 책바다 서비스란?_x000D_
고양시 도서관에 구비되어 있지 않은 자료를 전국 책바다 서비스에 가입되어 있는 도서관 소장자료 중에서 대출하여 드리는 서비스_x000D_(공공도서관, 대학도서관 등)_x000D_
_x000D_
1. 국립중앙도서관 책바다 가입 후 이용가능_x000D_
(홈페이지주소 : https://books.nl.go.kr)_x000D_
2. 비용있음_x000D_
_x000D_
책나래 서비스란?_x000D_
도서관방문이 어려운 장애인과 거동불편자 등이 필요로 하는 도서관 자료를 우체국택배를 이용하여 집까지 무료로 배달해주는 서비스_x000D_
대상 :　보건복지부 등록 장애인, 국가보훈처 등록 국가유공상이자, 거동불편자（국가건강보험공단 인정 장기요양 대상자)_x000D_
_x000D_
1. 고양시 도서관 회원가입(도서관 대출증 발급) _x000D_
※ 증명서류 제출(직접방문, 대리방문, 팩스, 이메일 가능) _x000D_
보건복지부 등록 장애인의 경우 책나래 홈페이지 가입 시 [장애인정보 사실 여부] 조회 및 인증으로 증명서류 확인절차 생략_x000D_
국가보훈처 등록 국가유공상이자, 거동불편자의 경우 증명서류를 도서관에 제시(최초 1회)_x000D_
2. 책나래 홈페이지(http://cn.nl.go.kr) 회원가입_x000D_
3. 책나래 홈페이지에서 나의 도서관(고양시 소속도서관) 등록 및 회원 승인_x000D_
4. 책나래 홈페이지에서 자료검색 및 신청_x000D_
5. 신청도서관에서 신청 확인 후 도서를 우체국 택배 발송_x000D_
6. 반납방법 : 책나래 홈페이지에서 반납 신청_x000D_
7. 비용없음

Q: 내 생애 첫도서관, 두루두루 서비스는 무엇인가요?
A: 내 생애 첫 도서관이란?_x000D_
도서관 방문이 어려운 임산부와 영유아에게 이용자가 거주하는 관내 공공도서관의 소장도서를 택배를 통해 집으로 보내드리는 서비스입니다._x000D_
- 서비스대상 : 임신부(개월수 제한 없음), 12개월 이하 아이를 둔 부모 중 1인_x000D_
- 이용기간 : 임신(개월수 제한 없음)이후 자녀 생후 12개월까지_x000D_
- 서비스내용 : 월 2회, 회당 5권, 제공될 날로부터 14일간 (1회 7일 연장가능)_x000D_
- 신 청 방 법 _x000D_
  경기도사이버도서관(www.library.kr)에서『내 생애 첫도서관』회원신청_x000D_
  가까운 고양시도서관 방문 회원가입_x000D_
- 확인서류 : 산모수첩 사본 혹은 주민등록등본 1부, 회원가입신청서 1부_x000D_
_x000D_
두루두루 서비스란?_x000D_
도서관 방문이 어려운 장애인들에게 이용자가 거주하는 관내 공공도서관의 소장도서를 택배를 통해 집으로 보내드리는 서비스입니다.​_x000D_
- 서비스대상 : 대출회원 중 등록 장애인 회원_x000D_
- 서비스내용 : 월 5회, 회당 5권, 제공될 날로부터 14일간 (1회 7일 연장가능)_x000D_
- 신 청 방 법 _x000D_
  경기도사이버도서관(www.library.kr)에서『두루두루』회원신청_x000D_
  가까운 고양시도서관 방문 회원가입_x000D_
- 확인서류 : 장애인복지카드 사본, 회원가입신청서 각 1부

Q: 상호대차가 안되는 경우를 알려주세요.
A: 1. 신청이 불가한 자료의 경우
대출중인 도서, 예약도서, 참고도서, 비도서(DVD) 등

2. 신청이 제한된 상태의 경우
- 도서연체 또는 대출정지 상태일 경우 상호대차 이용 불가 
※ 상호대차 도착안내 메시지를 수신하였더라도 이용 불가
- 상호대차 신청 후 미대출 5권이 되면 1개월(30일)간 신청제한

3. 이용이 불가한 도서관의 경우
별꿈도서관, 작은도서관(수령만 가능) , 스마트 도서관 
※ 시립도서관 휴관일 상호대차 신청불가
시립도서관 휴관일 안내는 공지사항을 참조해주세요.",고양시도서관_FAQ1.txt
"고양시의 스마트도서관 개소수를 밝히고, 각 역별 스마트도서관이 특정 도서관의 대출권수에 어떻게 포함되는지 설명하시오.",,"고양시의 스마트도서관은 총 10개소가 있습니다. 위치는 다음과 같습니다:

- 지축역, 삼송역, 원당역, 화정역, 고양시청, 백마역
- 마두역, 주엽역, 대화역, 일산역

각 스마트도서관의 대출권수는 다음과 같이 특정 도서관의 대출권수에 포함됩니다:

- 지축역, 삼송역, 원당역, 화정역, 고양시청 스마트도서관: 화정도서관의 대출권수에 포함
- 백마역 스마트도서관: 아람누리도서관의 대출권수에 포함
- 마두역, 주엽역, 대화역, 일산역 스마트도서관: 대화도서관의 대출권수에 포함","Q: 스마트 도서관은 어떻게 이용하나요?
A: 고양시도서관센터 회원증 소지자는 누구나 이용 가능 합니다. _x000D_
(회원증 발급은 도서관센터 홈페이지 회원가입 후 가까운 시립도서관 방문하여 회원증 발급(신분증 지참)_x000D_
_x000D_
1인 2권까지 가능하며 일반도서 대출과 동일하게 대출기간은 14일 1회 반납연기가 가능합니다._x000D_
(지축역, 삼송역, 원당역, 화정역, 고양시청 스마트도서관은 화정도서관 대출권수에 포함, 마두역, 백마역 스마트도서관은 아람누리도서관 대출권수에 포함, 주엽역, 대화역, 일산역 스마트도서관은 대화도서관 대출권수에 포함)

Q: 스마트도서관은 어디에 있나요?
A: 지축역, 삼송역, 원당역, 화정역, 마두역, 주엽역, 대화역, 일산역, 고양시청, 백마역 총 10개소 입니다.

Q: 스마트도서관이란 무엇인가요?
A: 고양시도서관 회원이면 누구나 365일 이용가능한 무인도서 대출반납기입니다.(400~600여권 비치)

Q: 책바다, 책나래 서비스는 무엇인가요?
A: 책바다 서비스란?_x000D_
고양시 도서관에 구비되어 있지 않은 자료를 전국 책바다 서비스에 가입되어 있는 도서관 소장자료 중에서 대출하여 드리는 서비스_x000D_(공공도서관, 대학도서관 등)_x000D_
_x000D_
1. 국립중앙도서관 책바다 가입 후 이용가능_x000D_
(홈페이지주소 : https://books.nl.go.kr)_x000D_
2. 비용있음_x000D_
_x000D_
책나래 서비스란?_x000D_
도서관방문이 어려운 장애인과 거동불편자 등이 필요로 하는 도서관 자료를 우체국택배를 이용하여 집까지 무료로 배달해주는 서비스_x000D_
대상 :　보건복지부 등록 장애인, 국가보훈처 등록 국가유공상이자, 거동불편자（국가건강보험공단 인정 장기요양 대상자)_x000D_
_x000D_
1. 고양시 도서관 회원가입(도서관 대출증 발급) _x000D_
※ 증명서류 제출(직접방문, 대리방문, 팩스, 이메일 가능) _x000D_
보건복지부 등록 장애인의 경우 책나래 홈페이지 가입 시 [장애인정보 사실 여부] 조회 및 인증으로 증명서류 확인절차 생략_x000D_
국가보훈처 등록 국가유공상이자, 거동불편자의 경우 증명서류를 도서관에 제시(최초 1회)_x000D_
2. 책나래 홈페이지(http://cn.nl.go.kr) 회원가입_x000D_
3. 책나래 홈페이지에서 나의 도서관(고양시 소속도서관) 등록 및 회원 승인_x000D_
4. 책나래 홈페이지에서 자료검색 및 신청_x000D_
5. 신청도서관에서 신청 확인 후 도서를 우체국 택배 발송_x000D_
6. 반납방법 : 책나래 홈페이지에서 반납 신청_x000D_
7. 비용없음

Q: 내 생애 첫도서관, 두루두루 서비스는 무엇인가요?
A: 내 생애 첫 도서관이란?_x000D_
도서관 방문이 어려운 임산부와 영유아에게 이용자가 거주하는 관내 공공도서관의 소장도서를 택배를 통해 집으로 보내드리는 서비스입니다._x000D_
- 서비스대상 : 임신부(개월수 제한 없음), 12개월 이하 아이를 둔 부모 중 1인_x000D_
- 이용기간 : 임신(개월수 제한 없음)이후 자녀 생후 12개월까지_x000D_
- 서비스내용 : 월 2회, 회당 5권, 제공될 날로부터 14일간 (1회 7일 연장가능)_x000D_
- 신 청 방 법 _x000D_
  경기도사이버도서관(www.library.kr)에서『내 생애 첫도서관』회원신청_x000D_
  가까운 고양시도서관 방문 회원가입_x000D_
- 확인서류 : 산모수첩 사본 혹은 주민등록등본 1부, 회원가입신청서 1부_x000D_
_x000D_
두루두루 서비스란?_x000D_
도서관 방문이 어려운 장애인들에게 이용자가 거주하는 관내 공공도서관의 소장도서를 택배를 통해 집으로 보내드리는 서비스입니다.​_x000D_
- 서비스대상 : 대출회원 중 등록 장애인 회원_x000D_
- 서비스내용 : 월 5회, 회당 5권, 제공될 날로부터 14일간 (1회 7일 연장가능)_x000D_
- 신 청 방 법 _x000D_
  경기도사이버도서관(www.library.kr)에서『두루두루』회원신청_x000D_
  가까운 고양시도서관 방문 회원가입_x000D_
- 확인서류 : 장애인복지카드 사본, 회원가입신청서 각 1부

Q: 상호대차가 안되는 경우를 알려주세요.
A: 1. 신청이 불가한 자료의 경우
대출중인 도서, 예약도서, 참고도서, 비도서(DVD) 등

2. 신청이 제한된 상태의 경우
- 도서연체 또는 대출정지 상태일 경우 상호대차 이용 불가 
※ 상호대차 도착안내 메시지를 수신하였더라도 이용 불가
- 상호대차 신청 후 미대출 5권이 되면 1개월(30일)간 신청제한

3. 이용이 불가한 도서관의 경우
별꿈도서관, 작은도서관(수령만 가능) , 스마트 도서관 
※ 시립도서관 휴관일 상호대차 신청불가
시립도서관 휴관일 안내는 공지사항을 참조해주세요.",고양시도서관_FAQ1.txt
"회원증 없이 고양시 스마트도서관 이용하려면, 먼저 고양시도서관센터 가입 후 회원증 발급이 필요하며, 추가로 어떤 특별 서비스가 있는지 확인해야 할까요?",,"회원증 없이 고양시 스마트도서관을 이용하려면 먼저 고양시도서관센터에 가입하고 신분증을 지참하여 가까운 시립도서관을 방문하여 회원증을 발급받아야 합니다. 특별 서비스로는 **책바다 서비스**가 있습니다. 이 서비스는 고양시 도서관에 구비되어 있지 않은 자료를 전국의 다른 도서관에서 대출받아 제공하는 것으로, 가입 후 이용료가 발생합니다. 또한, **책나래 서비스**는 거동이 불편한 장애인 등을 위해 도서관 자료를 무료로 택배로 배달해주는 서비스입니다. 회원 가입 및 자격 확인 절차가 필요하며, 비용은 없습니다. 이러한 서비스들을 확인하고 필요에 따라 이용할 수 있습니다.","Q: 스마트 도서관은 어떻게 이용하나요?
A: 고양시도서관센터 회원증 소지자는 누구나 이용 가능 합니다. _x000D_
(회원증 발급은 도서관센터 홈페이지 회원가입 후 가까운 시립도서관 방문하여 회원증 발급(신분증 지참)_x000D_
_x000D_
1인 2권까지 가능하며 일반도서 대출과 동일하게 대출기간은 14일 1회 반납연기가 가능합니다._x000D_
(지축역, 삼송역, 원당역, 화정역, 고양시청 스마트도서관은 화정도서관 대출권수에 포함, 마두역, 백마역 스마트도서관은 아람누리도서관 대출권수에 포함, 주엽역, 대화역, 일산역 스마트도서관은 대화도서관 대출권수에 포함)

Q: 스마트도서관은 어디에 있나요?
A: 지축역, 삼송역, 원당역, 화정역, 마두역, 주엽역, 대화역, 일산역, 고양시청, 백마역 총 10개소 입니다.

Q: 스마트도서관이란 무엇인가요?
A: 고양시도서관 회원이면 누구나 365일 이용가능한 무인도서 대출반납기입니다.(400~600여권 비치)

Q: 책바다, 책나래 서비스는 무엇인가요?
A: 책바다 서비스란?_x000D_
고양시 도서관에 구비되어 있지 않은 자료를 전국 책바다 서비스에 가입되어 있는 도서관 소장자료 중에서 대출하여 드리는 서비스_x000D_(공공도서관, 대학도서관 등)_x000D_
_x000D_
1. 국립중앙도서관 책바다 가입 후 이용가능_x000D_
(홈페이지주소 : https://books.nl.go.kr)_x000D_
2. 비용있음_x000D_
_x000D_
책나래 서비스란?_x000D_
도서관방문이 어려운 장애인과 거동불편자 등이 필요로 하는 도서관 자료를 우체국택배를 이용하여 집까지 무료로 배달해주는 서비스_x000D_
대상 :　보건복지부 등록 장애인, 국가보훈처 등록 국가유공상이자, 거동불편자（국가건강보험공단 인정 장기요양 대상자)_x000D_
_x000D_
1. 고양시 도서관 회원가입(도서관 대출증 발급) _x000D_
※ 증명서류 제출(직접방문, 대리방문, 팩스, 이메일 가능) _x000D_
보건복지부 등록 장애인의 경우 책나래 홈페이지 가입 시 [장애인정보 사실 여부] 조회 및 인증으로 증명서류 확인절차 생략_x000D_
국가보훈처 등록 국가유공상이자, 거동불편자의 경우 증명서류를 도서관에 제시(최초 1회)_x000D_
2. 책나래 홈페이지(http://cn.nl.go.kr) 회원가입_x000D_
3. 책나래 홈페이지에서 나의 도서관(고양시 소속도서관) 등록 및 회원 승인_x000D_
4. 책나래 홈페이지에서 자료검색 및 신청_x000D_
5. 신청도서관에서 신청 확인 후 도서를 우체국 택배 발송_x000D_
6. 반납방법 : 책나래 홈페이지에서 반납 신청_x000D_
7. 비용없음

Q: 내 생애 첫도서관, 두루두루 서비스는 무엇인가요?
A: 내 생애 첫 도서관이란?_x000D_
도서관 방문이 어려운 임산부와 영유아에게 이용자가 거주하는 관내 공공도서관의 소장도서를 택배를 통해 집으로 보내드리는 서비스입니다._x000D_
- 서비스대상 : 임신부(개월수 제한 없음), 12개월 이하 아이를 둔 부모 중 1인_x000D_
- 이용기간 : 임신(개월수 제한 없음)이후 자녀 생후 12개월까지_x000D_
- 서비스내용 : 월 2회, 회당 5권, 제공될 날로부터 14일간 (1회 7일 연장가능)_x000D_
- 신 청 방 법 _x000D_
  경기도사이버도서관(www.library.kr)에서『내 생애 첫도서관』회원신청_x000D_
  가까운 고양시도서관 방문 회원가입_x000D_
- 확인서류 : 산모수첩 사본 혹은 주민등록등본 1부, 회원가입신청서 1부_x000D_
_x000D_
두루두루 서비스란?_x000D_
도서관 방문이 어려운 장애인들에게 이용자가 거주하는 관내 공공도서관의 소장도서를 택배를 통해 집으로 보내드리는 서비스입니다.​_x000D_
- 서비스대상 : 대출회원 중 등록 장애인 회원_x000D_
- 서비스내용 : 월 5회, 회당 5권, 제공될 날로부터 14일간 (1회 7일 연장가능)_x000D_
- 신 청 방 법 _x000D_
  경기도사이버도서관(www.library.kr)에서『두루두루』회원신청_x000D_
  가까운 고양시도서관 방문 회원가입_x000D_
- 확인서류 : 장애인복지카드 사본, 회원가입신청서 각 1부

Q: 상호대차가 안되는 경우를 알려주세요.
A: 1. 신청이 불가한 자료의 경우
대출중인 도서, 예약도서, 참고도서, 비도서(DVD) 등

2. 신청이 제한된 상태의 경우
- 도서연체 또는 대출정지 상태일 경우 상호대차 이용 불가 
※ 상호대차 도착안내 메시지를 수신하였더라도 이용 불가
- 상호대차 신청 후 미대출 5권이 되면 1개월(30일)간 신청제한

3. 이용이 불가한 도서관의 경우
별꿈도서관, 작은도서관(수령만 가능) , 스마트 도서관 
※ 시립도서관 휴관일 상호대차 신청불가
시립도서관 휴관일 안내는 공지사항을 참조해주세요.",고양시도서관_FAQ1.txt
가좌도서관의 정기 휴관일과 법정공휴일 휴관 조건을 포함하여 구체적인 휴관 일정은?,,"가좌도서관의 구체적인 휴관 일정은 다음과 같습니다:

- **정기 휴관일**: 매주 금요일
- **법정 공휴일 및 관공서 휴관일**: 국가가 정한 임시 공휴일 (일요일 제외), 기타 관장이 필요하다고 인정한 날
- **추가 휴관 조건**: 토요일과 법정 공휴일이 겹치는 경우 휴관","Q: 덕이도서관 위치 및 전화번호가 어떻게 되나요?
A: ○ 주소 :  고양시 일산서구 하이파크로 128
○ 전화번호 : 031-8075-9320

Q: 가좌도서관 휴관일은 언제인가요?
A: ○ 정기휴관일 :  매주 금요일
○ 법정공휴일 및 관공서 휴관일 및 국가가 정한 임시 공휴일(일요일 제외), 기타 관장이 필요하다고 인정한 날
※ 토·일요일과 법정공휴일이 겹치는 경우에는 휴관

Q: 가좌도서관 이용시간이 어떻게 되나요?
A: ○ 종합자료실, 연속간행물실, 디지털자료실
(평일) 09:00 ~ 22:00 / (주말) 09:00 ~ 18:00
○ 어린이자료실
(평일) 09:00 ~ 18:00 / (주말) 09:00 ~ 18:00
○ 열람실
(평일·주말)  하절기(3월~9월) : 07:00 ~ 23:00, 동절기(11월~2월) : 08:00 ~23:00

Q: 가좌도서관 위치 및 전화번호가 어떻게 되나요?
A: ○ 주소 :  고양시 일산서구 가좌3로 16(가좌동)
○ 전화번호 : 031-8075-9380

Q: 일산도서관 휴관일은 언제인가요?
A: ○ 정기휴관일 :  매주 월요일
○ 법정공휴일 및 관공서 휴관일 및 국가가 정한 임시 공휴일(일요일 제외), 기타 관장이 필요하다고 인정한 날
※ 토·일요일과 법정공휴일이 겹치는 경우에는 휴관

Q: 일산도서관 이용시간이 어떻게 되나요?
A: ○ 종합자료실, 연속간행물실, 디지털자료실
(평일) 09:00 ~ 22:00 / (주말) 09:00 ~ 18:00
○ 어린이자료실
(평일) 09:00 ~ 18:00 / (주말) 09:00 ~ 18:00

Q: 일산도서관 위치 및 전화번호가 어떻게 되나요?
A: ○ 주소 :  고양시  일산서구 고양대로 586-65(일산동)
○ 전화번호 : 031-8075-9420

Q: 주엽어린이도서관 휴관일은 언제인가요?
A: ○ 정기휴관일 :  매주 금요일
○ 법정공휴일 및 관공서 휴관일 및 국가가 정한 임시 공휴일(일요일 제외), 기타 관장이 필요하다고 인정한 날
※ 토·일요일과 법정공휴일이 겹치는 경우에는 휴관

Q: 주엽어린이도서관  이용시간이 어떻게 되나요?
A: ○ 보물단지, 책사랑, 세계어린이도서실
(평일) 09:00 ~ 18:00 / (주말) 09:00 ~ 18:00

Q: 주엽어린이도서관 위치 및 전화번호가 어떻게 되나요?
A: ○ 주소 :  고양시 일산서구 주엽로 104(주엽동)
○ 전화번호 : 031-8075-9168",고양시도서관_FAQ1.txt
일산도서관의 정확한 주소와 주변 지역(동)을 함께 알려주세요.,,"○  주소: 고양시 일산서구 고양대로 586-65 (일산동)
○  주변 지역: 일산동","Q: 덕이도서관 위치 및 전화번호가 어떻게 되나요?
A: ○ 주소 :  고양시 일산서구 하이파크로 128
○ 전화번호 : 031-8075-9320

Q: 가좌도서관 휴관일은 언제인가요?
A: ○ 정기휴관일 :  매주 금요일
○ 법정공휴일 및 관공서 휴관일 및 국가가 정한 임시 공휴일(일요일 제외), 기타 관장이 필요하다고 인정한 날
※ 토·일요일과 법정공휴일이 겹치는 경우에는 휴관

Q: 가좌도서관 이용시간이 어떻게 되나요?
A: ○ 종합자료실, 연속간행물실, 디지털자료실
(평일) 09:00 ~ 22:00 / (주말) 09:00 ~ 18:00
○ 어린이자료실
(평일) 09:00 ~ 18:00 / (주말) 09:00 ~ 18:00
○ 열람실
(평일·주말)  하절기(3월~9월) : 07:00 ~ 23:00, 동절기(11월~2월) : 08:00 ~23:00

Q: 가좌도서관 위치 및 전화번호가 어떻게 되나요?
A: ○ 주소 :  고양시 일산서구 가좌3로 16(가좌동)
○ 전화번호 : 031-8075-9380

Q: 일산도서관 휴관일은 언제인가요?
A: ○ 정기휴관일 :  매주 월요일
○ 법정공휴일 및 관공서 휴관일 및 국가가 정한 임시 공휴일(일요일 제외), 기타 관장이 필요하다고 인정한 날
※ 토·일요일과 법정공휴일이 겹치는 경우에는 휴관

Q: 일산도서관 이용시간이 어떻게 되나요?
A: ○ 종합자료실, 연속간행물실, 디지털자료실
(평일) 09:00 ~ 22:00 / (주말) 09:00 ~ 18:00
○ 어린이자료실
(평일) 09:00 ~ 18:00 / (주말) 09:00 ~ 18:00

Q: 일산도서관 위치 및 전화번호가 어떻게 되나요?
A: ○ 주소 :  고양시  일산서구 고양대로 586-65(일산동)
○ 전화번호 : 031-8075-9420

Q: 주엽어린이도서관 휴관일은 언제인가요?
A: ○ 정기휴관일 :  매주 금요일
○ 법정공휴일 및 관공서 휴관일 및 국가가 정한 임시 공휴일(일요일 제외), 기타 관장이 필요하다고 인정한 날
※ 토·일요일과 법정공휴일이 겹치는 경우에는 휴관

Q: 주엽어린이도서관  이용시간이 어떻게 되나요?
A: ○ 보물단지, 책사랑, 세계어린이도서실
(평일) 09:00 ~ 18:00 / (주말) 09:00 ~ 18:00

Q: 주엽어린이도서관 위치 및 전화번호가 어떻게 되나요?
A: ○ 주소 :  고양시 일산서구 주엽로 104(주엽동)
○ 전화번호 : 031-8075-9168",고양시도서관_FAQ1.txt
"주말에 주엽어린이도서관이 평소와 다른 특별 프로그램을 운영한다고 가정할 때, 일반 이용 시간과 어떻게 달라질 수 있을까요?",,"주말에 특별 프로그램을 운영할 경우, 주엽어린이도서관의 일반 이용 시간은 유지되지만, 특정 프로그램 시간대에는 해당 공간의 이용이 제한될 수 있습니다. 예를 들어:

- **평소 주말 이용 시간**: 09:00 ~ 18:00
- **특별 프로그램 운영 시**:
  - 특정 시간 (예: 10:00 ~ 12:00) 동안 보물단지, 책사랑, 세계어린이도서실이 프로그램 참여자들로 인해 부분적으로 이용 불가능할 수 있음.
  - 프로그램이 진행되는 동안 열람 공간이 제한될 수 있으나, 전체 이용 시간은 변동 없이 유지될 가능성이 높습니다.

자세한 시간 조정은 해당 프로그램 공지사항을 확인하는 것이 가장 정확합니다.","Q: 덕이도서관 위치 및 전화번호가 어떻게 되나요?
A: ○ 주소 :  고양시 일산서구 하이파크로 128
○ 전화번호 : 031-8075-9320

Q: 가좌도서관 휴관일은 언제인가요?
A: ○ 정기휴관일 :  매주 금요일
○ 법정공휴일 및 관공서 휴관일 및 국가가 정한 임시 공휴일(일요일 제외), 기타 관장이 필요하다고 인정한 날
※ 토·일요일과 법정공휴일이 겹치는 경우에는 휴관

Q: 가좌도서관 이용시간이 어떻게 되나요?
A: ○ 종합자료실, 연속간행물실, 디지털자료실
(평일) 09:00 ~ 22:00 / (주말) 09:00 ~ 18:00
○ 어린이자료실
(평일) 09:00 ~ 18:00 / (주말) 09:00 ~ 18:00
○ 열람실
(평일·주말)  하절기(3월~9월) : 07:00 ~ 23:00, 동절기(11월~2월) : 08:00 ~23:00

Q: 가좌도서관 위치 및 전화번호가 어떻게 되나요?
A: ○ 주소 :  고양시 일산서구 가좌3로 16(가좌동)
○ 전화번호 : 031-8075-9380

Q: 일산도서관 휴관일은 언제인가요?
A: ○ 정기휴관일 :  매주 월요일
○ 법정공휴일 및 관공서 휴관일 및 국가가 정한 임시 공휴일(일요일 제외), 기타 관장이 필요하다고 인정한 날
※ 토·일요일과 법정공휴일이 겹치는 경우에는 휴관

Q: 일산도서관 이용시간이 어떻게 되나요?
A: ○ 종합자료실, 연속간행물실, 디지털자료실
(평일) 09:00 ~ 22:00 / (주말) 09:00 ~ 18:00
○ 어린이자료실
(평일) 09:00 ~ 18:00 / (주말) 09:00 ~ 18:00

Q: 일산도서관 위치 및 전화번호가 어떻게 되나요?
A: ○ 주소 :  고양시  일산서구 고양대로 586-65(일산동)
○ 전화번호 : 031-8075-9420

Q: 주엽어린이도서관 휴관일은 언제인가요?
A: ○ 정기휴관일 :  매주 금요일
○ 법정공휴일 및 관공서 휴관일 및 국가가 정한 임시 공휴일(일요일 제외), 기타 관장이 필요하다고 인정한 날
※ 토·일요일과 법정공휴일이 겹치는 경우에는 휴관

Q: 주엽어린이도서관  이용시간이 어떻게 되나요?
A: ○ 보물단지, 책사랑, 세계어린이도서실
(평일) 09:00 ~ 18:00 / (주말) 09:00 ~ 18:00

Q: 주엽어린이도서관 위치 및 전화번호가 어떻게 되나요?
A: ○ 주소 :  고양시 일산서구 주엽로 104(주엽동)
○ 전화번호 : 031-8075-9168",고양시도서관_FAQ1.txt
"특정 조건 하의 개인들(만14세 미만, 만65세 이상, 장애인, 임산부)이 대리인을 통해 회원증을 받을 수 있다면, 이들 그룹 중 누가 대리인의 도움을 받아 발급받을 수 있는지, 그리고 각 그룹별로 필요한 추가 서류는 무엇인지 설명하시오.",,"다음 그룹의 개인들이 대리인의 도움을 받아 회원증을 발급받을 수 있습니다:

1. **만 14세 미만 아동**: 추가 서류는 공통적으로 대리인의 신분증과 피대리인(아동)의 신분증이 필요합니다.

2. **만 65세 이상 어르신**: 공통적으로 대리인의 신분증과 피대리인(어르신)의 신분증이 필요합니다.

3. **장애인**: 공통적으로 대리인의 신분증과 피대리인(장애인)의 신분증 외에도 장애인 복지카드 또는 장애인 증명서가 필요합니다.

4. **임산부**: 공통적으로 대리인의 신분증과 피대리인(임산부)의 신분증 외에 산모수첩 또는 출산 후 12개월 이내인 경우 산모의 주민등록등본이 필요합니다.

각 그룹별로 공통적으로 필요한 서류는 대리인의 신분증과 피대리인의 신분증입니다. 그룹별로 추가로 요구되는 서류는 위에 명시된 대로입니다.","Q: 회원증을 대리발급 할 수 있나요?
A: 회원증 대리발급은 만14세 미만 아동, 만65세 이상 어르신, 장애인, 임산부만 가능하며 아래 구비서류를 지참하여 대리인이 방문 시 대리발급이 가능합니다.

· 대상 : 만14세 미만 아동, 만65세 이상 어르신, 장애인, 임산부
· 구비서류
  - 공통 : ①위임자 신분증, ②피위임자(대리인) 신분증
  - 장애인 : 장애인 복지카드 또는 장애인 증명서
  - 임신부 : 산모수첩 / 산모 : 주민등록등본(출산 후 12개월까지)
· 방법 : 홈페이지 회원가입 후 위 항목의 해당하는 구비서류를 지참하여 피위임자(대리인)이 도서관 방문

Q: 가족회원이 무엇인가요?
A: 가족회원이란, 고양시 도서관 정회원으로 가입 후 가족회원으로 등록 시 가족명의로 도서대출·도서예약·상호대차 동일하게 이용가능한 서비스입니다.
※ 가족명의 이용 시 자료실 안내데스크에 반드시 본인 회원증을 제시하여야 함(가족 회원증으로 대출 불가)
가족회원 등록방법
가족구성원 모두 정회원 가입 후 가족임을 증명할 수 있는 서류(주민등록등본 또는 가족관계증명서) 지참하여 도서관 방문

Q: 핸드폰이 없는 어린이가 홈페이지 회원가입을 하려면 어떻게 해야 하나요?
A: 본인명의 휴대폰 인증이 불가한 만14세 미만 어린이의 경우 아이핀(I-PIN) 본인인증 과정을 거쳐 홈페이지 가입이 가능합니다.

홈페이지 회원가입 - 만14세 미만 회원가입(어린이회원 가입하기) - 보호자 휴대폰 인증 후 가입자(어린이)의 아이핀을 통해 홈페이지에 가입하실 수 있습니다.

회원가입 바로가기
https://www.goyanglib.or.kr/center/program/memberJoinType.do

Q: 회원증은 도서관마다 각각 만들어야 하나요? 또, 회원증을 분실한 경우에는 어떻게 해야 하나요?
A: 고양시 도서관의 회원증으로 고양시 관내 시립도서관과 공립작은도서관을 모두 이용하실 수 있습니다.​_x000D_
회원증을 분실하였을 경우 신분증을 지참하여 관내 어느 시립, 공립작은도서관에 가셔도 재발급 받으실 수 있습니다._x000D_

Q: 도서관 회원가입은 어떻게 하나요?
A: 고양시 도서관 회원은 준회원(홈페이지 가입 회원) / 정회원(관외대출회원)으로 구분되며 정회원 가입대상 및 방법은 다음과 같습니다.

· 정회원 가입대상
주민등록상 경기도 거주자, 경기도소재 직장인 및 재학생

정회원 가입방법
1. 온라인 발급
 · 대상 : 주민등록상 경기도 거주자
 · 홈페이지 회원가입 후 [온라인 정회원 신청] 클릭 - 인증절차 후 온라인 회원증 발급
2. 방문 발급
 · 대상 : 경기도 소재 직장인, 재학생을 포함한 고양시 도서관 정회원 신청 대상
 · 홈페이지 회원가입 후 구비서류를 지참하여 도서관 방문

구비서류
이용안내 - 회원가입 - 회원증 방문발급 - 구비서류 안내 참고

Q: 사립 작은도서관 등록·변경·폐관 절차에 대해 궁금합니다.
A: 사립 작은도서관을 등록,변경,폐관 절차에 대한 자세한 내용은_x000D_
도서관센터 홈페이지- 작은도서관- 사립작은도서관 등록신청메뉴에서 확인 가능합니다._x000D_
관련 서류 작성 후 메일로 보내주시면 확인 후 연락드리겠습니다.(도서관센터 독서진흥팀)_x000D_

Q: 사립 작은도서관의 등록 기준에 대해 알려주세요.
A: 도서관법(시행령 제3조 1항)상 건물면적은 33㎡이상(현관,휴게실,복도,화장실,식당 면적 불포함). 자료는 1,000점 이상을 갖춘 작은도서관 이면서,_x000D_
건축법상(시행령 제5조의 5) 제 1종 근린생활시설, 교육연구시설, 단독주택 1층, 공동주택에 위치한 작은도서관만 등록이 가능합니다._x000D_
_x000D_
자세한 내용은 고양시 도서관센터 홈페이지-작은도서관-사립작은도서관 등록신청의 [서식5 체크리스트]를 참고해 주시기 바랍니다._x000D_
_x000D_
_x000D_

Q: 사립 작은도서관은 무엇인가요 ?
A: 사립작은도서관은 다양한 주체가 다양한 방법으로 설립,운영하는 민간분야의 작은도서관 입니다._x000D_
고양시에는 현재 기준(2025. 6.) 총 87개의 사립 작은도서관이 있습니다._x000D_

Q: 시립도서관 대출증으로 작은도서관도 이용 가능한가요?
A: 고양시도서관센터 회원증으로 시립도서관 및 공립작은도서관 모두 이용가능합니다.

Q: 작은도서관에서 빌린 책을 시립도서관에 반납 해도 될까요?
A: 작은도서관에서 빌린 책은 해당 작은도서관으로 반납해주세요.(상호대차, 통합반납, 지하철역반납 불가)

Q: 공립작은도서관을 알려주세요.
A: 관산, 내유, 대덕, 사리현, 화전, 마상공원, 모당공원 작은도서관이 있습니다.

Q: 스마트 도서관 도서 검색이 가능한가요?
A: 자료검색-스마트도서관 도서검색 탭에서 가능합니다.

Q: 스마트 도서관 책은 어디에 반납해야하나요?
A: 스마트도서관 도서 반납은 반드시 대출한 기기에 해야 합니다. _x000D_
(상호대차, 책누리 반납 불가)",고양시도서관_FAQ1.txt
"가족 구성원 모두가 고양시 도서관 준회원으로 가입한 후, 주민등록등본 또는 가족관계증명서를 준비하여 도서관을 방문해야 하며, 이때 자료실 안내데스크에서 가족임을 어떻게 증명해야 하는지 설명하세요.",,"가족 구성원 모두가 고양시 도서관 준회원으로 가입한 후, 주민등록등본 또는 가족관계증명서를 준비하여 도서관을 방문해야 합니다. 자료실 안내데스크에서는 준비한 증명서를 제시하여 가족 관계를 증명해야 하며, 본인의 회원증도 함께 제시해야 합니다. 가족회원증으로 도서 대출은 불가능하므로, 각 가족 구성원의 개인 회원증을 통해 서비스를 이용해야 합니다.","Q: 회원증을 대리발급 할 수 있나요?
A: 회원증 대리발급은 만14세 미만 아동, 만65세 이상 어르신, 장애인, 임산부만 가능하며 아래 구비서류를 지참하여 대리인이 방문 시 대리발급이 가능합니다.

· 대상 : 만14세 미만 아동, 만65세 이상 어르신, 장애인, 임산부
· 구비서류
  - 공통 : ①위임자 신분증, ②피위임자(대리인) 신분증
  - 장애인 : 장애인 복지카드 또는 장애인 증명서
  - 임신부 : 산모수첩 / 산모 : 주민등록등본(출산 후 12개월까지)
· 방법 : 홈페이지 회원가입 후 위 항목의 해당하는 구비서류를 지참하여 피위임자(대리인)이 도서관 방문

Q: 가족회원이 무엇인가요?
A: 가족회원이란, 고양시 도서관 정회원으로 가입 후 가족회원으로 등록 시 가족명의로 도서대출·도서예약·상호대차 동일하게 이용가능한 서비스입니다.
※ 가족명의 이용 시 자료실 안내데스크에 반드시 본인 회원증을 제시하여야 함(가족 회원증으로 대출 불가)
가족회원 등록방법
가족구성원 모두 정회원 가입 후 가족임을 증명할 수 있는 서류(주민등록등본 또는 가족관계증명서) 지참하여 도서관 방문

Q: 핸드폰이 없는 어린이가 홈페이지 회원가입을 하려면 어떻게 해야 하나요?
A: 본인명의 휴대폰 인증이 불가한 만14세 미만 어린이의 경우 아이핀(I-PIN) 본인인증 과정을 거쳐 홈페이지 가입이 가능합니다.

홈페이지 회원가입 - 만14세 미만 회원가입(어린이회원 가입하기) - 보호자 휴대폰 인증 후 가입자(어린이)의 아이핀을 통해 홈페이지에 가입하실 수 있습니다.

회원가입 바로가기
https://www.goyanglib.or.kr/center/program/memberJoinType.do

Q: 회원증은 도서관마다 각각 만들어야 하나요? 또, 회원증을 분실한 경우에는 어떻게 해야 하나요?
A: 고양시 도서관의 회원증으로 고양시 관내 시립도서관과 공립작은도서관을 모두 이용하실 수 있습니다.​_x000D_
회원증을 분실하였을 경우 신분증을 지참하여 관내 어느 시립, 공립작은도서관에 가셔도 재발급 받으실 수 있습니다._x000D_

Q: 도서관 회원가입은 어떻게 하나요?
A: 고양시 도서관 회원은 준회원(홈페이지 가입 회원) / 정회원(관외대출회원)으로 구분되며 정회원 가입대상 및 방법은 다음과 같습니다.

· 정회원 가입대상
주민등록상 경기도 거주자, 경기도소재 직장인 및 재학생

정회원 가입방법
1. 온라인 발급
 · 대상 : 주민등록상 경기도 거주자
 · 홈페이지 회원가입 후 [온라인 정회원 신청] 클릭 - 인증절차 후 온라인 회원증 발급
2. 방문 발급
 · 대상 : 경기도 소재 직장인, 재학생을 포함한 고양시 도서관 정회원 신청 대상
 · 홈페이지 회원가입 후 구비서류를 지참하여 도서관 방문

구비서류
이용안내 - 회원가입 - 회원증 방문발급 - 구비서류 안내 참고

Q: 사립 작은도서관 등록·변경·폐관 절차에 대해 궁금합니다.
A: 사립 작은도서관을 등록,변경,폐관 절차에 대한 자세한 내용은_x000D_
도서관센터 홈페이지- 작은도서관- 사립작은도서관 등록신청메뉴에서 확인 가능합니다._x000D_
관련 서류 작성 후 메일로 보내주시면 확인 후 연락드리겠습니다.(도서관센터 독서진흥팀)_x000D_

Q: 사립 작은도서관의 등록 기준에 대해 알려주세요.
A: 도서관법(시행령 제3조 1항)상 건물면적은 33㎡이상(현관,휴게실,복도,화장실,식당 면적 불포함). 자료는 1,000점 이상을 갖춘 작은도서관 이면서,_x000D_
건축법상(시행령 제5조의 5) 제 1종 근린생활시설, 교육연구시설, 단독주택 1층, 공동주택에 위치한 작은도서관만 등록이 가능합니다._x000D_
_x000D_
자세한 내용은 고양시 도서관센터 홈페이지-작은도서관-사립작은도서관 등록신청의 [서식5 체크리스트]를 참고해 주시기 바랍니다._x000D_
_x000D_
_x000D_

Q: 사립 작은도서관은 무엇인가요 ?
A: 사립작은도서관은 다양한 주체가 다양한 방법으로 설립,운영하는 민간분야의 작은도서관 입니다._x000D_
고양시에는 현재 기준(2025. 6.) 총 87개의 사립 작은도서관이 있습니다._x000D_

Q: 시립도서관 대출증으로 작은도서관도 이용 가능한가요?
A: 고양시도서관센터 회원증으로 시립도서관 및 공립작은도서관 모두 이용가능합니다.

Q: 작은도서관에서 빌린 책을 시립도서관에 반납 해도 될까요?
A: 작은도서관에서 빌린 책은 해당 작은도서관으로 반납해주세요.(상호대차, 통합반납, 지하철역반납 불가)

Q: 공립작은도서관을 알려주세요.
A: 관산, 내유, 대덕, 사리현, 화전, 마상공원, 모당공원 작은도서관이 있습니다.

Q: 스마트 도서관 도서 검색이 가능한가요?
A: 자료검색-스마트도서관 도서검색 탭에서 가능합니다.

Q: 스마트 도서관 책은 어디에 반납해야하나요?
A: 스마트도서관 도서 반납은 반드시 대출한 기기에 해야 합니다. _x000D_
(상호대차, 책누리 반납 불가)",고양시도서관_FAQ1.txt
"휴대폰 인증이 불가능한 만14세 미만 어린이가 도서관 홈페이지에 가입하려면 보호자의 휴대폰 인증 후 아이핀(I-PIN)을 통한 본인인증이 필요하며, 구체적인 가입 절차는 무엇인가요?",,"만 14세 미만 어린이가 휴대폰 인증이 불가능한 경우, 보호자가 휴대폰 인증을 거친 후 어린이의 아이핀(I-PIN)을 통해 본인인증을 진행합니다. 구체적인 절차는 다음과 같습니다:

1. **보호자의 휴대폰 인증**: 보호자가 도서관 홈페이지에 로그인하여 본인 인증을 진행합니다.
2. **어린이의 아이핀 등록**: 보호자가 어린이의 아이핀을 생성하거나 이미 있는 아이핀을 확인합니다.
3. **어린이 회원 가입**: 보호자가 어린이의 정보를 입력하며, 아이핀을 통해 어린이의 본인 인증을 완료합니다.
4. **회원 정보 입력**: 어린이의 이름, 생년월일 등 필요한 정보를 입력합니다.
5. **가입 완료**: 모든 정보를 입력한 후 가입을 완료합니다.

이 과정을 통해 만 14세 미만 어린이는 휴대폰 인증 없이도 도서관 홈페이지에 가입할 수 있습니다.","Q: 회원증을 대리발급 할 수 있나요?
A: 회원증 대리발급은 만14세 미만 아동, 만65세 이상 어르신, 장애인, 임산부만 가능하며 아래 구비서류를 지참하여 대리인이 방문 시 대리발급이 가능합니다.

· 대상 : 만14세 미만 아동, 만65세 이상 어르신, 장애인, 임산부
· 구비서류
  - 공통 : ①위임자 신분증, ②피위임자(대리인) 신분증
  - 장애인 : 장애인 복지카드 또는 장애인 증명서
  - 임신부 : 산모수첩 / 산모 : 주민등록등본(출산 후 12개월까지)
· 방법 : 홈페이지 회원가입 후 위 항목의 해당하는 구비서류를 지참하여 피위임자(대리인)이 도서관 방문

Q: 가족회원이 무엇인가요?
A: 가족회원이란, 고양시 도서관 정회원으로 가입 후 가족회원으로 등록 시 가족명의로 도서대출·도서예약·상호대차 동일하게 이용가능한 서비스입니다.
※ 가족명의 이용 시 자료실 안내데스크에 반드시 본인 회원증을 제시하여야 함(가족 회원증으로 대출 불가)
가족회원 등록방법
가족구성원 모두 정회원 가입 후 가족임을 증명할 수 있는 서류(주민등록등본 또는 가족관계증명서) 지참하여 도서관 방문

Q: 핸드폰이 없는 어린이가 홈페이지 회원가입을 하려면 어떻게 해야 하나요?
A: 본인명의 휴대폰 인증이 불가한 만14세 미만 어린이의 경우 아이핀(I-PIN) 본인인증 과정을 거쳐 홈페이지 가입이 가능합니다.

홈페이지 회원가입 - 만14세 미만 회원가입(어린이회원 가입하기) - 보호자 휴대폰 인증 후 가입자(어린이)의 아이핀을 통해 홈페이지에 가입하실 수 있습니다.

회원가입 바로가기
https://www.goyanglib.or.kr/center/program/memberJoinType.do

Q: 회원증은 도서관마다 각각 만들어야 하나요? 또, 회원증을 분실한 경우에는 어떻게 해야 하나요?
A: 고양시 도서관의 회원증으로 고양시 관내 시립도서관과 공립작은도서관을 모두 이용하실 수 있습니다.​_x000D_
회원증을 분실하였을 경우 신분증을 지참하여 관내 어느 시립, 공립작은도서관에 가셔도 재발급 받으실 수 있습니다._x000D_

Q: 도서관 회원가입은 어떻게 하나요?
A: 고양시 도서관 회원은 준회원(홈페이지 가입 회원) / 정회원(관외대출회원)으로 구분되며 정회원 가입대상 및 방법은 다음과 같습니다.

· 정회원 가입대상
주민등록상 경기도 거주자, 경기도소재 직장인 및 재학생

정회원 가입방법
1. 온라인 발급
 · 대상 : 주민등록상 경기도 거주자
 · 홈페이지 회원가입 후 [온라인 정회원 신청] 클릭 - 인증절차 후 온라인 회원증 발급
2. 방문 발급
 · 대상 : 경기도 소재 직장인, 재학생을 포함한 고양시 도서관 정회원 신청 대상
 · 홈페이지 회원가입 후 구비서류를 지참하여 도서관 방문

구비서류
이용안내 - 회원가입 - 회원증 방문발급 - 구비서류 안내 참고

Q: 사립 작은도서관 등록·변경·폐관 절차에 대해 궁금합니다.
A: 사립 작은도서관을 등록,변경,폐관 절차에 대한 자세한 내용은_x000D_
도서관센터 홈페이지- 작은도서관- 사립작은도서관 등록신청메뉴에서 확인 가능합니다._x000D_
관련 서류 작성 후 메일로 보내주시면 확인 후 연락드리겠습니다.(도서관센터 독서진흥팀)_x000D_

Q: 사립 작은도서관의 등록 기준에 대해 알려주세요.
A: 도서관법(시행령 제3조 1항)상 건물면적은 33㎡이상(현관,휴게실,복도,화장실,식당 면적 불포함). 자료는 1,000점 이상을 갖춘 작은도서관 이면서,_x000D_
건축법상(시행령 제5조의 5) 제 1종 근린생활시설, 교육연구시설, 단독주택 1층, 공동주택에 위치한 작은도서관만 등록이 가능합니다._x000D_
_x000D_
자세한 내용은 고양시 도서관센터 홈페이지-작은도서관-사립작은도서관 등록신청의 [서식5 체크리스트]를 참고해 주시기 바랍니다._x000D_
_x000D_
_x000D_

Q: 사립 작은도서관은 무엇인가요 ?
A: 사립작은도서관은 다양한 주체가 다양한 방법으로 설립,운영하는 민간분야의 작은도서관 입니다._x000D_
고양시에는 현재 기준(2025. 6.) 총 87개의 사립 작은도서관이 있습니다._x000D_

Q: 시립도서관 대출증으로 작은도서관도 이용 가능한가요?
A: 고양시도서관센터 회원증으로 시립도서관 및 공립작은도서관 모두 이용가능합니다.

Q: 작은도서관에서 빌린 책을 시립도서관에 반납 해도 될까요?
A: 작은도서관에서 빌린 책은 해당 작은도서관으로 반납해주세요.(상호대차, 통합반납, 지하철역반납 불가)

Q: 공립작은도서관을 알려주세요.
A: 관산, 내유, 대덕, 사리현, 화전, 마상공원, 모당공원 작은도서관이 있습니다.

Q: 스마트 도서관 도서 검색이 가능한가요?
A: 자료검색-스마트도서관 도서검색 탭에서 가능합니다.

Q: 스마트 도서관 책은 어디에 반납해야하나요?
A: 스마트도서관 도서 반납은 반드시 대출한 기기에 해야 합니다. _x000D_
(상호대차, 책누리 반납 불가)",고양시도서관_FAQ1.txt
"백석도서관 vs 풍동도서관, 리모델링 후 개관 예정일 비교",,백석도서관과 풍동도서관 모두 리모델링 후 개관 예정일은 2026년 10월 이후로 동일합니다.,"Q: 백석도서관 휴관일은 언제인가요?
A: 리모델링 중으로 2026년 10월 이후 개관예정

Q: 백석도서관 이용시간이 어떻게 되나요?
A: 리모델링 중으로 2026년 10월 이후 개관예정

Q: 백석도서관 위치 및 전화번호가 어떻게 되나요?
A: 리모델링 중으로 2026년 10월 이후 개관예정

Q: 풍동도서관 휴관일은 언제인가요?
A: ○ 정기휴관일 :  매주 월요일
○ 법정공휴일 및 관공서 휴관일 및 국가가 정한 임시 공휴일(일요일 제외), 기타 관장이 필요하다고 인정한 날
※ 토·일요일과 법정공휴일이 겹치는 경우에는 휴관

Q: 풍동도서관 이용시간이 어떻게 되나요?
A: ○ 종합자료실
(평일) 09:00 ~ 22:00 / (주말) 09:00 ~ 18:00
○ 어린이자료실, 연속간행물실
(평일) 09:00 ~ 18:00 / (주말) 09:00 ~ 18:00
○ 디지털자료실
(평일) 09:00 ~ 22:00 / (주말) 09:00 ~ 18:00

Q: 풍동도서관 위치 및 전화번호가 어떻게 되나요?
A: ○ 주소 :  고양시  일산동구 숲속마을로 108(풍동)
○ 전화번호 : 031-8075-9148

Q: 식사도서관 휴관일은 언제인가요?
A: ○ 정기휴관일 :  매주 금요일
○ 법정공휴일 및 관공서 휴관일 및 국가가 정한 임시 공휴일(일요일 제외), 기타 관장이 필요하다고 인정한 날
※ 토·일요일과 법정공휴일이 겹치는 경우에는 휴관

Q: 식사도서관 이용시간이 어떻게 되나요?
A: ○ 종합자료실(3층)
(평일) 09:00 ~ 22:00 / (주말) 09:00 ~ 18:00
○ 어린이자료실(1층)
(평일) 09:00 ~ 18:00 / (주말) 09:00 ~ 18:00
○ 북라운지(연속간행물, 컴퓨터)
(평일) 09:00 ~ 22:00 / (주말) 09:00 ~ 18:00
○ 열람실
(평일·주말)  하절기(3월~9월) : 07:00 ~ 23:00, 동절기(11월~2월) : 08:00 ~23:00

Q: 식사도서관 위치 및 전화번호가 어떻게 되나요?
A: ○ 주소 :  고양시 일산동구 위시티2로 43-6(식사동)
○ 전화번호 : 031-8075-9190

Q: 대화도서관 휴관일은 언제인가요?
A: ○ 정기휴관일 :  매주 월요일
○ 법정공휴일 및 관공서 휴관일 및 국가가 정한 임시 공휴일(일요일 제외), 기타 관장이 필요하다고 인정한 날
※ 토·일요일과 법정공휴일이 겹치는 경우에는 휴관

Q: 대화도서관 이용시간이 어떻게 되나요?
A: ○ 종합자료실,연속간행물실
(평일) 09:00 ~ 22:00 / (주말) 09:00 ~ 18:00
○ 어린이자료실
(평일) 09:00 ~ 18:00 / (주말) 09:00 ~ 18:00
○ 디지털자료실
(평일) 09:00 ~ 22:00 / (주말) 09:00 ~ 18:00
○ 열람실
(평일·주말)  하절기(3월~9월) : 07:00 ~ 23:00, 동절기(11월~2월) : 08:00 ~23:00

Q: 대화도서관 위치 및 전화번호가 어떻게 되나요?
A: ○ 주소 :  고양시  일산서구 일산로 689(대화동)
○ 전화번호 : 031-8075-9130

Q: 한뫼도서관 휴관일은 언제인가요?
A: ○ 정기휴관일 :  매주 금요일
○ 법정공휴일 및 관공서 휴관일 및 국가가 정한 임시 공휴일(일요일 제외), 기타 관장이 필요하다고 인정한 날
※ 토·일요일과 법정공휴일이 겹치는 경우에는 휴관

Q: 한뫼도서관 이용시간이 어떻게 되나요?
A: ○ 종합자료실
(평일) 09:00 ~ 22:00 / (주말) 09:00 ~ 18:00
○ 어린이자료실, 연속간행물실
(평일) 09:00 ~ 18:00 / (주말) 09:00 ~ 18:00
○ 디지털자료실
(평일) 09:00 ~ 22:00 / (주말) 09:00 ~ 18:00
○ 열람실
(평일·주말)  하절기(3월~9월) : 07:00 ~ 23:00, 동절기(11월~2월) : 08:00 ~23:00

Q: 한뫼도서관 위치 및 전화번호가 어떻게 되나요?
A: ○ 주소 :  고양시 일산서구 탄중로 284(일산동)
○ 전화번호 : 031-8075-9115

Q: 덕이도서관 휴관일은 언제인가요?
A: ○ 정기휴관일 :  매주 월요일
○ 법정공휴일 및 관공서 휴관일 및 국가가 정한 임시 공휴일(일요일 제외), 기타 관장이 필요하다고 인정한 날
※ 토·일요일과 법정공휴일이 겹치는 경우에는 휴관

Q: 덕이도서관 이용시간이 어떻게 되나요?
A: ○ 종합자료실
(평일) 09:00 ~ 22:00 / (주말) 09:00 ~ 18:00
○ 어린이자료실, 연속간행물실
(평일) 09:00 ~ 18:00 / (주말) 09:00 ~ 18:00
○ 디지털자료실
(평일) 09:00 ~ 22:00 / (주말) 09:00 ~ 18:00
○ 열람실
(평일·주말)  하절기(3월~9월) : 07:00 ~ 23:00, 동절기(11월~2월) : 08:00 ~23:00
○ 트윈스페이스(12~17세 청소년을 위한 복합문화공간)
(평일) 09:00 ~ 18:00 / (주말) 09:00 ~ 18:00",고양시도서관_FAQ1.txt
풍동도서관과 식사도서관의 주말 이용 시간을 비교하여 어떤 도서관이 더 오래 개방되는지 분석하시오.,,"풍동도서관과 식사도서관의 주말 이용 시간을 비교하면 다음과 같습니다:

- **풍동도서관**: 모든 공간 (종합자료실, 어린이자료실, 연속간행물실, 디지털자료실)의 주말 이용 시간은 09:00 ~ 18:00입니다.
  
- **식사도서관**: 
  - 종합자료실, 연속간행물실, 디지털자료실: 09:00 ~ 18:00
  - 어린이자료실: 09:00 ~ 18:00
  - 열람실: 09:00 ~ 22:00 (하절기: 07:00 ~ 23:00, 동절기: 08:00 ~ 23:00)

따라서, **식사도서관의 열람실은 주말에 풍동도서관보다 더 오래 개방**됩니다 (식사도서관: 09:00 ~ 22:00 / 풍동도서관: 09:00 ~ 18:00). 하지만 대부분의 자료실의 경우 두 도서관 모두 동일한 시간 (09:00 ~ 18:00)에 개방됩니다. 열람실을 제외하고는 이용 시간에 차이가 없습니다.","Q: 백석도서관 휴관일은 언제인가요?
A: 리모델링 중으로 2026년 10월 이후 개관예정

Q: 백석도서관 이용시간이 어떻게 되나요?
A: 리모델링 중으로 2026년 10월 이후 개관예정

Q: 백석도서관 위치 및 전화번호가 어떻게 되나요?
A: 리모델링 중으로 2026년 10월 이후 개관예정

Q: 풍동도서관 휴관일은 언제인가요?
A: ○ 정기휴관일 :  매주 월요일
○ 법정공휴일 및 관공서 휴관일 및 국가가 정한 임시 공휴일(일요일 제외), 기타 관장이 필요하다고 인정한 날
※ 토·일요일과 법정공휴일이 겹치는 경우에는 휴관

Q: 풍동도서관 이용시간이 어떻게 되나요?
A: ○ 종합자료실
(평일) 09:00 ~ 22:00 / (주말) 09:00 ~ 18:00
○ 어린이자료실, 연속간행물실
(평일) 09:00 ~ 18:00 / (주말) 09:00 ~ 18:00
○ 디지털자료실
(평일) 09:00 ~ 22:00 / (주말) 09:00 ~ 18:00

Q: 풍동도서관 위치 및 전화번호가 어떻게 되나요?
A: ○ 주소 :  고양시  일산동구 숲속마을로 108(풍동)
○ 전화번호 : 031-8075-9148

Q: 식사도서관 휴관일은 언제인가요?
A: ○ 정기휴관일 :  매주 금요일
○ 법정공휴일 및 관공서 휴관일 및 국가가 정한 임시 공휴일(일요일 제외), 기타 관장이 필요하다고 인정한 날
※ 토·일요일과 법정공휴일이 겹치는 경우에는 휴관

Q: 식사도서관 이용시간이 어떻게 되나요?
A: ○ 종합자료실(3층)
(평일) 09:00 ~ 22:00 / (주말) 09:00 ~ 18:00
○ 어린이자료실(1층)
(평일) 09:00 ~ 18:00 / (주말) 09:00 ~ 18:00
○ 북라운지(연속간행물, 컴퓨터)
(평일) 09:00 ~ 22:00 / (주말) 09:00 ~ 18:00
○ 열람실
(평일·주말)  하절기(3월~9월) : 07:00 ~ 23:00, 동절기(11월~2월) : 08:00 ~23:00

Q: 식사도서관 위치 및 전화번호가 어떻게 되나요?
A: ○ 주소 :  고양시 일산동구 위시티2로 43-6(식사동)
○ 전화번호 : 031-8075-9190

Q: 대화도서관 휴관일은 언제인가요?
A: ○ 정기휴관일 :  매주 월요일
○ 법정공휴일 및 관공서 휴관일 및 국가가 정한 임시 공휴일(일요일 제외), 기타 관장이 필요하다고 인정한 날
※ 토·일요일과 법정공휴일이 겹치는 경우에는 휴관

Q: 대화도서관 이용시간이 어떻게 되나요?
A: ○ 종합자료실,연속간행물실
(평일) 09:00 ~ 22:00 / (주말) 09:00 ~ 18:00
○ 어린이자료실
(평일) 09:00 ~ 18:00 / (주말) 09:00 ~ 18:00
○ 디지털자료실
(평일) 09:00 ~ 22:00 / (주말) 09:00 ~ 18:00
○ 열람실
(평일·주말)  하절기(3월~9월) : 07:00 ~ 23:00, 동절기(11월~2월) : 08:00 ~23:00

Q: 대화도서관 위치 및 전화번호가 어떻게 되나요?
A: ○ 주소 :  고양시  일산서구 일산로 689(대화동)
○ 전화번호 : 031-8075-9130

Q: 한뫼도서관 휴관일은 언제인가요?
A: ○ 정기휴관일 :  매주 금요일
○ 법정공휴일 및 관공서 휴관일 및 국가가 정한 임시 공휴일(일요일 제외), 기타 관장이 필요하다고 인정한 날
※ 토·일요일과 법정공휴일이 겹치는 경우에는 휴관

Q: 한뫼도서관 이용시간이 어떻게 되나요?
A: ○ 종합자료실
(평일) 09:00 ~ 22:00 / (주말) 09:00 ~ 18:00
○ 어린이자료실, 연속간행물실
(평일) 09:00 ~ 18:00 / (주말) 09:00 ~ 18:00
○ 디지털자료실
(평일) 09:00 ~ 22:00 / (주말) 09:00 ~ 18:00
○ 열람실
(평일·주말)  하절기(3월~9월) : 07:00 ~ 23:00, 동절기(11월~2월) : 08:00 ~23:00

Q: 한뫼도서관 위치 및 전화번호가 어떻게 되나요?
A: ○ 주소 :  고양시 일산서구 탄중로 284(일산동)
○ 전화번호 : 031-8075-9115

Q: 덕이도서관 휴관일은 언제인가요?
A: ○ 정기휴관일 :  매주 월요일
○ 법정공휴일 및 관공서 휴관일 및 국가가 정한 임시 공휴일(일요일 제외), 기타 관장이 필요하다고 인정한 날
※ 토·일요일과 법정공휴일이 겹치는 경우에는 휴관

Q: 덕이도서관 이용시간이 어떻게 되나요?
A: ○ 종합자료실
(평일) 09:00 ~ 22:00 / (주말) 09:00 ~ 18:00
○ 어린이자료실, 연속간행물실
(평일) 09:00 ~ 18:00 / (주말) 09:00 ~ 18:00
○ 디지털자료실
(평일) 09:00 ~ 22:00 / (주말) 09:00 ~ 18:00
○ 열람실
(평일·주말)  하절기(3월~9월) : 07:00 ~ 23:00, 동절기(11월~2월) : 08:00 ~23:00
○ 트윈스페이스(12~17세 청소년을 위한 복합문화공간)
(평일) 09:00 ~ 18:00 / (주말) 09:00 ~ 18:00",고양시도서관_FAQ1.txt
하절기와 동절기 식사도서관 열람실 이용 시간 차이는?,,"하절기(3월~9월)에는 열람실 이용 시간이 07:00 ~ 23:00이고, 동절기(11월~2월)에는 08:00 ~ 23:00입니다. 즉, 동절기에는 시작 시간이 1시간 늦어집니다.","Q: 백석도서관 휴관일은 언제인가요?
A: 리모델링 중으로 2026년 10월 이후 개관예정

Q: 백석도서관 이용시간이 어떻게 되나요?
A: 리모델링 중으로 2026년 10월 이후 개관예정

Q: 백석도서관 위치 및 전화번호가 어떻게 되나요?
A: 리모델링 중으로 2026년 10월 이후 개관예정

Q: 풍동도서관 휴관일은 언제인가요?
A: ○ 정기휴관일 :  매주 월요일
○ 법정공휴일 및 관공서 휴관일 및 국가가 정한 임시 공휴일(일요일 제외), 기타 관장이 필요하다고 인정한 날
※ 토·일요일과 법정공휴일이 겹치는 경우에는 휴관

Q: 풍동도서관 이용시간이 어떻게 되나요?
A: ○ 종합자료실
(평일) 09:00 ~ 22:00 / (주말) 09:00 ~ 18:00
○ 어린이자료실, 연속간행물실
(평일) 09:00 ~ 18:00 / (주말) 09:00 ~ 18:00
○ 디지털자료실
(평일) 09:00 ~ 22:00 / (주말) 09:00 ~ 18:00

Q: 풍동도서관 위치 및 전화번호가 어떻게 되나요?
A: ○ 주소 :  고양시  일산동구 숲속마을로 108(풍동)
○ 전화번호 : 031-8075-9148

Q: 식사도서관 휴관일은 언제인가요?
A: ○ 정기휴관일 :  매주 금요일
○ 법정공휴일 및 관공서 휴관일 및 국가가 정한 임시 공휴일(일요일 제외), 기타 관장이 필요하다고 인정한 날
※ 토·일요일과 법정공휴일이 겹치는 경우에는 휴관

Q: 식사도서관 이용시간이 어떻게 되나요?
A: ○ 종합자료실(3층)
(평일) 09:00 ~ 22:00 / (주말) 09:00 ~ 18:00
○ 어린이자료실(1층)
(평일) 09:00 ~ 18:00 / (주말) 09:00 ~ 18:00
○ 북라운지(연속간행물, 컴퓨터)
(평일) 09:00 ~ 22:00 / (주말) 09:00 ~ 18:00
○ 열람실
(평일·주말)  하절기(3월~9월) : 07:00 ~ 23:00, 동절기(11월~2월) : 08:00 ~23:00

Q: 식사도서관 위치 및 전화번호가 어떻게 되나요?
A: ○ 주소 :  고양시 일산동구 위시티2로 43-6(식사동)
○ 전화번호 : 031-8075-9190

Q: 대화도서관 휴관일은 언제인가요?
A: ○ 정기휴관일 :  매주 월요일
○ 법정공휴일 및 관공서 휴관일 및 국가가 정한 임시 공휴일(일요일 제외), 기타 관장이 필요하다고 인정한 날
※ 토·일요일과 법정공휴일이 겹치는 경우에는 휴관

Q: 대화도서관 이용시간이 어떻게 되나요?
A: ○ 종합자료실,연속간행물실
(평일) 09:00 ~ 22:00 / (주말) 09:00 ~ 18:00
○ 어린이자료실
(평일) 09:00 ~ 18:00 / (주말) 09:00 ~ 18:00
○ 디지털자료실
(평일) 09:00 ~ 22:00 / (주말) 09:00 ~ 18:00
○ 열람실
(평일·주말)  하절기(3월~9월) : 07:00 ~ 23:00, 동절기(11월~2월) : 08:00 ~23:00

Q: 대화도서관 위치 및 전화번호가 어떻게 되나요?
A: ○ 주소 :  고양시  일산서구 일산로 689(대화동)
○ 전화번호 : 031-8075-9130

Q: 한뫼도서관 휴관일은 언제인가요?
A: ○ 정기휴관일 :  매주 금요일
○ 법정공휴일 및 관공서 휴관일 및 국가가 정한 임시 공휴일(일요일 제외), 기타 관장이 필요하다고 인정한 날
※ 토·일요일과 법정공휴일이 겹치는 경우에는 휴관

Q: 한뫼도서관 이용시간이 어떻게 되나요?
A: ○ 종합자료실
(평일) 09:00 ~ 22:00 / (주말) 09:00 ~ 18:00
○ 어린이자료실, 연속간행물실
(평일) 09:00 ~ 18:00 / (주말) 09:00 ~ 18:00
○ 디지털자료실
(평일) 09:00 ~ 22:00 / (주말) 09:00 ~ 18:00
○ 열람실
(평일·주말)  하절기(3월~9월) : 07:00 ~ 23:00, 동절기(11월~2월) : 08:00 ~23:00

Q: 한뫼도서관 위치 및 전화번호가 어떻게 되나요?
A: ○ 주소 :  고양시 일산서구 탄중로 284(일산동)
○ 전화번호 : 031-8075-9115

Q: 덕이도서관 휴관일은 언제인가요?
A: ○ 정기휴관일 :  매주 월요일
○ 법정공휴일 및 관공서 휴관일 및 국가가 정한 임시 공휴일(일요일 제외), 기타 관장이 필요하다고 인정한 날
※ 토·일요일과 법정공휴일이 겹치는 경우에는 휴관

Q: 덕이도서관 이용시간이 어떻게 되나요?
A: ○ 종합자료실
(평일) 09:00 ~ 22:00 / (주말) 09:00 ~ 18:00
○ 어린이자료실, 연속간행물실
(평일) 09:00 ~ 18:00 / (주말) 09:00 ~ 18:00
○ 디지털자료실
(평일) 09:00 ~ 22:00 / (주말) 09:00 ~ 18:00
○ 열람실
(평일·주말)  하절기(3월~9월) : 07:00 ~ 23:00, 동절기(11월~2월) : 08:00 ~23:00
○ 트윈스페이스(12~17세 청소년을 위한 복합문화공간)
(평일) 09:00 ~ 18:00 / (주말) 09:00 ~ 18:00",고양시도서관_FAQ1.txt
신원도서관 vs 삼송도서관: 각 도서관의 위치와 이용 시간을 비교해 차이점은 무엇인가요?,,"**위치 차이점:**
- **신원도서관:** 고양시 덕양구 신원2로 24 (신원동)
- **삼송도서관:** 고양시 덕양구 은빛로77번길 8 (삼송동)

**이용 시간 차이점:**
- **종합자료실:**
  - **신원도서관:** (평일) 09:00 ~ 22:00, (주말) 09:00 ~ 18:00
  - **삼송도서관:** (평일) 09:00 ~ 22:00, (주말) 09:00 ~ 18:00 (동일)
  
- **어린이자료실:**
  - **신원도서관:** (평일) 09:00 ~ 18:00, (주말) 09:00 ~ 18:00
  - **삼송도서관:** (평일/주말) 09:00 ~ 18:00 (주말 이용 시간 동일)

- **연속간행물실 (책이음1):**
  - **신원도서관:** (평일/주말) 09:00 ~ 22:00
  - **삼송도서관:** (평일) 09:00 ~ 22:00, (주말) 09:00 ~ 18:00 (주말 시간 다름)

- **디지털자료실 (책이음2):**
  - **신원도서관:** (평일) 09:00 ~ 22:00, (주말) 09:00 ~ 18:00
  - **삼송도서관:** (평일/주말) 09:00 ~ 18:00 (평일 이용 시간 다름)

**주요 차이점:**
- 삼송도서관의 연속간행물실과 디지털자료실은 주말 이용 시간이 신원도서관보다 짧습니다 (주말 18:00까지).
- 신원도서관의 디지털자료실은 주말에도 더 늦게까지 이용 가능합니다 (22:00까지).","Q: 신원도서관 위치 및 전화번호가 어떻게 되나요?
A: ○ 주소 :  고양시 덕양구 신원2로 24(신원동)
○ 전화번호 : 031-8075-9340

Q: 삼송도서관 휴관일은 언제인가요?
A: ○ 정기휴관일 :  매주 금요일
○ 법정공휴일 및 관공서 휴관일 및 국가가 정한 임시 공휴일(일요일 제외), 기타 관장이 필요하다고 인정한 날
※ 토·일요일과 법정공휴일이 겹치는 경우에는 휴관

Q: 삼송도서관 이용시간이 어떻게 되나요?
A: ○ 종합자료실(3층)
(평일) 09:00 ~ 22:00 / (주말) 09:00 ~ 18:00
○ 어린이자료실(1층)
(평일) 09:00 ~ 18:00 / (주말) 09:00 ~ 18:00
○ 책이음1(연속간행물실)(2층)
(평일·주말) 09:00 ~ 22:00
○  책이음2(디지털자료실)(2층)
(평일) 09:00 ~ 22:00 / (주말) 09:00 ~ 18:00

Q: 삼송도서관 위치 및 전화번호가 어떻게 되나요?
A: ○ 주소 :  고양시 덕양구 은빛로77번길 8(삼송동)
○ 전화번호 : 031-8075-9215

Q: 높빛도서관 휴관일은 언제인가요?
A: ○ 정기휴관일 :  매주 금요일
○ 법정공휴일 및 관공서 휴관일 및 국가가 정한 임시 공휴일(일요일 제외), 기타 관장이 필요하다고 인정한 날
※ 토·일요일과 법정공휴일이 겹치는 경우에는 휴관

Q: 높빛도서관 이용시간이 어떻게 되나요?
A: ○ 종합자료실1, 2(연속간행물, PC코너 포함)
(평일) 09:00 ~ 22:00 / (주말) 09:00 ~ 18:00
○ 어린이자료실
(평일) 09:00 ~ 18:00 / (주말) 09:00 ~ 18:00
○ 그라운드 10(청소년 공간)
(평일) 09:00 ~ 20:00 / (주말) 09:00 ~ 18:00

Q: 높빛도서관 위치 및 전화번호가 어떻게 되나요?
A: ○ 주소 :  고양시 덕양구  푸른마을로 34-8(고양동)
○ 전화번호 : 031-8075-9400

Q: 화정어린이도서관 휴관일은 언제인가요?
A: ○ 정기휴관일 :  매주 월요일
○ 법정공휴일 및 관공서 휴관일 및 국가가 정한 임시 공휴일(일요일 제외), 기타 관장이 필요하다고 인정한 날
※ 토·일요일과 법정공휴일이 겹치는 경우에는 휴관

Q: 화정어린이도서관 이용시간이 어떻게 되나요?
A: ○ 보물단지, 책사랑
(평일) 09:00 ~ 18:00 / (주말) 09:00 ~ 18:00

Q: 화정어린이도서관 위치 및 전화번호가 어떻게 되나요?
A: ○ 주소 :  고양시 덕양구 화신로323(화정동)
○ 전화번호 : 031-8075-9299

Q: 행신어린이도서관 휴관일은 언제인가요?
A: ○ 정기휴관일 :  매주 금요일
○ 법정공휴일 및 관공서 휴관일 및 국가가 정한 임시 공휴일(일요일 제외), 기타 관장이 필요하다고 인정한 날
※ 토·일요일과 법정공휴일이 겹치는 경우에는 휴관

Q: 행신어린이도서관 이용시간이 어떻게 되나요?
A: ○ 보물단지, 책사랑
(평일) 09:00 ~ 18:00 / (주말) 09:00 ~ 18:00

Q: 행신어린이도서관 위치 및 전화번호가 어떻게 되나요?
A: ○ 주소 :  고양시 덕양구 소원로181번길 42(행신동)
○ 전화번호 : 031-8075-9278

Q: 아람누리도서관 휴관일은 언제인가요?
A: ○ 정기휴관일 :  매주 월요일
○ 법정공휴일 및 관공서 휴관일 및 국가가 정한 임시 공휴일(일요일 제외), 기타 관장이 필요하다고 인정한 날
※ 토·일요일과 법정공휴일이 겹치는 경우에는 휴관

Q: 아람누리도서관 이용시간이 어떻게 되나요?
A: ○ 종합자료실
(평일) 09:00 ~ 22:00 / (주말) 09:00 ~ 18:00
○ 어린이자료실
(평일) 09:00 ~ 18:00 / (주말) 09:00 ~ 18:00
○ 예술자료실,장애일자료실,연속간행물실,디지털자료실
(평일) 09:00 ~ 22:00 / (주말) 09:00 ~ 18:00

Q: 아람누리도서관 위치 및 전화번호가 어떻게 되나요?
A: ○ 주소 :  고양시 일산동구 중앙로 1286(마두동)
○ 전화번호 : 031-8075-9038

Q: 마두도서관 휴관일은 언제인가요?
A: ○ 정기휴관일 :  매주 금요일
○ 법정공휴일 및 관공서 휴관일 및 국가가 정한 임시 공휴일(일요일 제외), 기타 관장이 필요하다고 인정한 날
※ 토·일요일과 법정공휴일이 겹치는 경우에는 휴관

Q: 마두도서관 이용시간이 어떻게 되나요?
A: ○ 종합자료실1,2
(평일) 09:00 ~ 22:00 / (주말) 09:00 ~ 18:00
○ 어린이자료실(1층)
(평일) 09:00 ~ 18:00 / (주말) 09:00 ~ 18:00
○ 책이음(연속간행물실), 북카페
(평일) 09:00 ~ 22:00 / (주말) 09:00 ~ 18:00
○ 디지털자료실
(평일) 09:00 ~ 22:00 / (주말) 09:00 ~ 18:00

Q: 마두도서관 위치 및 전화번호가 어떻게 되나요?
A: ○ 주소 :  고양시 일산동구 일산로 355(마두동)
○ 전화번호 : 031-8075-9067",고양시도서관_FAQ1.txt
삼송도서관 주말 폐관 시간 및 특수 연장 운영 사례 분석,,"○ 삼송도서관 주말 폐관 시간: **18:00**

○ 특수 연장 운영 사례: 제공된 정보에는 삼송도서관의 특수 연장 운영 사례에 대한 구체적인 내용이 포함되어 있지 않습니다. 일반적으로 연장 운영은 특정 이벤트, 공휴일, 또는 도서관 자체의 공지에 따라 이루어질 수 있으나, 이에 대한 자세한 사항은 도서관에 직접 문의하시는 것이 좋습니다.","Q: 신원도서관 위치 및 전화번호가 어떻게 되나요?
A: ○ 주소 :  고양시 덕양구 신원2로 24(신원동)
○ 전화번호 : 031-8075-9340

Q: 삼송도서관 휴관일은 언제인가요?
A: ○ 정기휴관일 :  매주 금요일
○ 법정공휴일 및 관공서 휴관일 및 국가가 정한 임시 공휴일(일요일 제외), 기타 관장이 필요하다고 인정한 날
※ 토·일요일과 법정공휴일이 겹치는 경우에는 휴관

Q: 삼송도서관 이용시간이 어떻게 되나요?
A: ○ 종합자료실(3층)
(평일) 09:00 ~ 22:00 / (주말) 09:00 ~ 18:00
○ 어린이자료실(1층)
(평일) 09:00 ~ 18:00 / (주말) 09:00 ~ 18:00
○ 책이음1(연속간행물실)(2층)
(평일·주말) 09:00 ~ 22:00
○  책이음2(디지털자료실)(2층)
(평일) 09:00 ~ 22:00 / (주말) 09:00 ~ 18:00

Q: 삼송도서관 위치 및 전화번호가 어떻게 되나요?
A: ○ 주소 :  고양시 덕양구 은빛로77번길 8(삼송동)
○ 전화번호 : 031-8075-9215

Q: 높빛도서관 휴관일은 언제인가요?
A: ○ 정기휴관일 :  매주 금요일
○ 법정공휴일 및 관공서 휴관일 및 국가가 정한 임시 공휴일(일요일 제외), 기타 관장이 필요하다고 인정한 날
※ 토·일요일과 법정공휴일이 겹치는 경우에는 휴관

Q: 높빛도서관 이용시간이 어떻게 되나요?
A: ○ 종합자료실1, 2(연속간행물, PC코너 포함)
(평일) 09:00 ~ 22:00 / (주말) 09:00 ~ 18:00
○ 어린이자료실
(평일) 09:00 ~ 18:00 / (주말) 09:00 ~ 18:00
○ 그라운드 10(청소년 공간)
(평일) 09:00 ~ 20:00 / (주말) 09:00 ~ 18:00

Q: 높빛도서관 위치 및 전화번호가 어떻게 되나요?
A: ○ 주소 :  고양시 덕양구  푸른마을로 34-8(고양동)
○ 전화번호 : 031-8075-9400

Q: 화정어린이도서관 휴관일은 언제인가요?
A: ○ 정기휴관일 :  매주 월요일
○ 법정공휴일 및 관공서 휴관일 및 국가가 정한 임시 공휴일(일요일 제외), 기타 관장이 필요하다고 인정한 날
※ 토·일요일과 법정공휴일이 겹치는 경우에는 휴관

Q: 화정어린이도서관 이용시간이 어떻게 되나요?
A: ○ 보물단지, 책사랑
(평일) 09:00 ~ 18:00 / (주말) 09:00 ~ 18:00

Q: 화정어린이도서관 위치 및 전화번호가 어떻게 되나요?
A: ○ 주소 :  고양시 덕양구 화신로323(화정동)
○ 전화번호 : 031-8075-9299

Q: 행신어린이도서관 휴관일은 언제인가요?
A: ○ 정기휴관일 :  매주 금요일
○ 법정공휴일 및 관공서 휴관일 및 국가가 정한 임시 공휴일(일요일 제외), 기타 관장이 필요하다고 인정한 날
※ 토·일요일과 법정공휴일이 겹치는 경우에는 휴관

Q: 행신어린이도서관 이용시간이 어떻게 되나요?
A: ○ 보물단지, 책사랑
(평일) 09:00 ~ 18:00 / (주말) 09:00 ~ 18:00

Q: 행신어린이도서관 위치 및 전화번호가 어떻게 되나요?
A: ○ 주소 :  고양시 덕양구 소원로181번길 42(행신동)
○ 전화번호 : 031-8075-9278

Q: 아람누리도서관 휴관일은 언제인가요?
A: ○ 정기휴관일 :  매주 월요일
○ 법정공휴일 및 관공서 휴관일 및 국가가 정한 임시 공휴일(일요일 제외), 기타 관장이 필요하다고 인정한 날
※ 토·일요일과 법정공휴일이 겹치는 경우에는 휴관

Q: 아람누리도서관 이용시간이 어떻게 되나요?
A: ○ 종합자료실
(평일) 09:00 ~ 22:00 / (주말) 09:00 ~ 18:00
○ 어린이자료실
(평일) 09:00 ~ 18:00 / (주말) 09:00 ~ 18:00
○ 예술자료실,장애일자료실,연속간행물실,디지털자료실
(평일) 09:00 ~ 22:00 / (주말) 09:00 ~ 18:00

Q: 아람누리도서관 위치 및 전화번호가 어떻게 되나요?
A: ○ 주소 :  고양시 일산동구 중앙로 1286(마두동)
○ 전화번호 : 031-8075-9038

Q: 마두도서관 휴관일은 언제인가요?
A: ○ 정기휴관일 :  매주 금요일
○ 법정공휴일 및 관공서 휴관일 및 국가가 정한 임시 공휴일(일요일 제외), 기타 관장이 필요하다고 인정한 날
※ 토·일요일과 법정공휴일이 겹치는 경우에는 휴관

Q: 마두도서관 이용시간이 어떻게 되나요?
A: ○ 종합자료실1,2
(평일) 09:00 ~ 22:00 / (주말) 09:00 ~ 18:00
○ 어린이자료실(1층)
(평일) 09:00 ~ 18:00 / (주말) 09:00 ~ 18:00
○ 책이음(연속간행물실), 북카페
(평일) 09:00 ~ 22:00 / (주말) 09:00 ~ 18:00
○ 디지털자료실
(평일) 09:00 ~ 22:00 / (주말) 09:00 ~ 18:00

Q: 마두도서관 위치 및 전화번호가 어떻게 되나요?
A: ○ 주소 :  고양시 일산동구 일산로 355(마두동)
○ 전화번호 : 031-8075-9067",고양시도서관_FAQ1.txt
Compare 높빛도서관의 전화번호 (031-8075-9400) with 아람누리도서관의 전화번호 (031-8075-9038); highlight differences in library ID codes.,,"The phone numbers provided are:

- 높빛도서관 (Kkbit Light Library): 031-8075-9400
- 아람누리도서관 (Aram Nuri Library): 031-8075-9038

**Differences in Library ID Codes:**
- 높빛도서관's ID code (last three digits): **9400**
- 아람누리도서관's ID code (last three digits): **9038** 

The key difference lies in the last three digits of their phone numbers, which serve as unique identifiers for each library: **9400 vs 9038**.","Q: 신원도서관 위치 및 전화번호가 어떻게 되나요?
A: ○ 주소 :  고양시 덕양구 신원2로 24(신원동)
○ 전화번호 : 031-8075-9340

Q: 삼송도서관 휴관일은 언제인가요?
A: ○ 정기휴관일 :  매주 금요일
○ 법정공휴일 및 관공서 휴관일 및 국가가 정한 임시 공휴일(일요일 제외), 기타 관장이 필요하다고 인정한 날
※ 토·일요일과 법정공휴일이 겹치는 경우에는 휴관

Q: 삼송도서관 이용시간이 어떻게 되나요?
A: ○ 종합자료실(3층)
(평일) 09:00 ~ 22:00 / (주말) 09:00 ~ 18:00
○ 어린이자료실(1층)
(평일) 09:00 ~ 18:00 / (주말) 09:00 ~ 18:00
○ 책이음1(연속간행물실)(2층)
(평일·주말) 09:00 ~ 22:00
○  책이음2(디지털자료실)(2층)
(평일) 09:00 ~ 22:00 / (주말) 09:00 ~ 18:00

Q: 삼송도서관 위치 및 전화번호가 어떻게 되나요?
A: ○ 주소 :  고양시 덕양구 은빛로77번길 8(삼송동)
○ 전화번호 : 031-8075-9215

Q: 높빛도서관 휴관일은 언제인가요?
A: ○ 정기휴관일 :  매주 금요일
○ 법정공휴일 및 관공서 휴관일 및 국가가 정한 임시 공휴일(일요일 제외), 기타 관장이 필요하다고 인정한 날
※ 토·일요일과 법정공휴일이 겹치는 경우에는 휴관

Q: 높빛도서관 이용시간이 어떻게 되나요?
A: ○ 종합자료실1, 2(연속간행물, PC코너 포함)
(평일) 09:00 ~ 22:00 / (주말) 09:00 ~ 18:00
○ 어린이자료실
(평일) 09:00 ~ 18:00 / (주말) 09:00 ~ 18:00
○ 그라운드 10(청소년 공간)
(평일) 09:00 ~ 20:00 / (주말) 09:00 ~ 18:00

Q: 높빛도서관 위치 및 전화번호가 어떻게 되나요?
A: ○ 주소 :  고양시 덕양구  푸른마을로 34-8(고양동)
○ 전화번호 : 031-8075-9400

Q: 화정어린이도서관 휴관일은 언제인가요?
A: ○ 정기휴관일 :  매주 월요일
○ 법정공휴일 및 관공서 휴관일 및 국가가 정한 임시 공휴일(일요일 제외), 기타 관장이 필요하다고 인정한 날
※ 토·일요일과 법정공휴일이 겹치는 경우에는 휴관

Q: 화정어린이도서관 이용시간이 어떻게 되나요?
A: ○ 보물단지, 책사랑
(평일) 09:00 ~ 18:00 / (주말) 09:00 ~ 18:00

Q: 화정어린이도서관 위치 및 전화번호가 어떻게 되나요?
A: ○ 주소 :  고양시 덕양구 화신로323(화정동)
○ 전화번호 : 031-8075-9299

Q: 행신어린이도서관 휴관일은 언제인가요?
A: ○ 정기휴관일 :  매주 금요일
○ 법정공휴일 및 관공서 휴관일 및 국가가 정한 임시 공휴일(일요일 제외), 기타 관장이 필요하다고 인정한 날
※ 토·일요일과 법정공휴일이 겹치는 경우에는 휴관

Q: 행신어린이도서관 이용시간이 어떻게 되나요?
A: ○ 보물단지, 책사랑
(평일) 09:00 ~ 18:00 / (주말) 09:00 ~ 18:00

Q: 행신어린이도서관 위치 및 전화번호가 어떻게 되나요?
A: ○ 주소 :  고양시 덕양구 소원로181번길 42(행신동)
○ 전화번호 : 031-8075-9278

Q: 아람누리도서관 휴관일은 언제인가요?
A: ○ 정기휴관일 :  매주 월요일
○ 법정공휴일 및 관공서 휴관일 및 국가가 정한 임시 공휴일(일요일 제외), 기타 관장이 필요하다고 인정한 날
※ 토·일요일과 법정공휴일이 겹치는 경우에는 휴관

Q: 아람누리도서관 이용시간이 어떻게 되나요?
A: ○ 종합자료실
(평일) 09:00 ~ 22:00 / (주말) 09:00 ~ 18:00
○ 어린이자료실
(평일) 09:00 ~ 18:00 / (주말) 09:00 ~ 18:00
○ 예술자료실,장애일자료실,연속간행물실,디지털자료실
(평일) 09:00 ~ 22:00 / (주말) 09:00 ~ 18:00

Q: 아람누리도서관 위치 및 전화번호가 어떻게 되나요?
A: ○ 주소 :  고양시 일산동구 중앙로 1286(마두동)
○ 전화번호 : 031-8075-9038

Q: 마두도서관 휴관일은 언제인가요?
A: ○ 정기휴관일 :  매주 금요일
○ 법정공휴일 및 관공서 휴관일 및 국가가 정한 임시 공휴일(일요일 제외), 기타 관장이 필요하다고 인정한 날
※ 토·일요일과 법정공휴일이 겹치는 경우에는 휴관

Q: 마두도서관 이용시간이 어떻게 되나요?
A: ○ 종합자료실1,2
(평일) 09:00 ~ 22:00 / (주말) 09:00 ~ 18:00
○ 어린이자료실(1층)
(평일) 09:00 ~ 18:00 / (주말) 09:00 ~ 18:00
○ 책이음(연속간행물실), 북카페
(평일) 09:00 ~ 22:00 / (주말) 09:00 ~ 18:00
○ 디지털자료실
(평일) 09:00 ~ 22:00 / (주말) 09:00 ~ 18:00

Q: 마두도서관 위치 및 전화번호가 어떻게 되나요?
A: ○ 주소 :  고양시 일산동구 일산로 355(마두동)
○ 전화번호 : 031-8075-9067",고양시도서관_FAQ1.txt
